Title,Company,Location,Salary,Link,Summary
보안 개발자 모집,넷마블,서울 구로구,,https://kr.indeed.com/viewjob?jk=,"한가지 이상 언어의 개발능력 보유( Python, JAVA, ASP, PHP... 습득과 개발을 좋아하며 동료와 함께 성장하고 싶으신 분 우대사항 - Python(django, flask)을 이용한 back-end 개발 경험 있으..."
[kth] 2020년 7월 경력사원 (3차),케이티하이텔,서울 동작구,,https://kr.indeed.com/viewjob?jk=,용프로그래머> Python|인터넷·IT·통신·모바일·게임>웹프로그래머>JAVA|인터넷·IT·통신·모바일·게임>웹프로그래머> Python|인터넷·IT·통신... AI)|인터넷·IT·통신·모바일·게임>빅데이터·AI(인공지능)> Python
[AI Lab] Machine Learning 데이터 사이언티스트,버즈니,서울,,https://kr.indeed.com/viewjob?jk=,"분석을 통한 구매/전환 예측 모델링 – 상품 클릭, 구매 전환, 설치 전환 예측 모델링 이런 분을 찾습니다 Python 사용 능력이 능숙하신 분 주도적으로 문제를 찾고 해결할 수 있는 분 Machine Learning 기반의..."
각 부문 신입 및 경력직,다나와,서울 양천구,,https://kr.indeed.com/viewjob?jk=,"VPN 등)우대 데브옵스개발 경력 데브옵스(devops) 환경 구축 및 품질향상 경력 1~7년 Java, Python에 대한 이해보유자 Spring Boot 또는 Express.js 프레임워크 이해보유자 광고영업 신입/경력..."
Data Analyst,Axiologic Solutions,서울,,https://kr.indeed.com/viewjob?jk=,"algorithms and data manipulation capabilities using R, Python, C++, JavaScript, Go, and other known programming languages..."
네이버 쇼핑검색플랫폼 개발자,네이버,서울,,https://kr.indeed.com/viewjob?jk=,"info extraction [필요역량] - 아래 기술 중 어느 한가지를 능숙하게 다룰 수 있는 분 [ Java, Python, Spring boot/batch/cloud, Kotlin, React, Vue, Node.JS..."
"IT Project Manager, E-Commerce",Procter & Gamble,서울,,https://kr.indeed.com/viewjob?jk=,system integrations Programming skills (e.g. C++/Java/ Python... ability to read and write SQL Business Analytics skills...
데이터 분석가 (Business Intelligence Analyst),코스닥 상장 중견 게임기업,서울 강남구,"연봉 40,000,000원 - 70,000,000원",https://kr.indeed.com/viewjob?jk=,"데이터 분석 결과를 쉽게 이해할 수 있도록 간결하고 명확한 의사전달 능력 [우대조건] * R, Python, Spark 등의 언어에 대한 이해도 * 모바일 앱SDK 연동 지원 업무 경험(Facebook, Admob..."
[(주)케이엠에듀] AI(인공지능) 개발자 및 빅데이터 분석 플랫폼 개발...,케이엠에듀,서울 금천구,,https://kr.indeed.com/viewjob?jk=,"우대사항 - python,java 등의 프로그래밍 언어 사용능력 -oracle, mySQL, Hadoop, Mongo DB등 Database 관련 업무경험 인터넷·IT·통신·모바일·게임>빅데이터·AI(인공지능)>빅데이터|인터넷..."
Software Test Engineer for HANA Engine I...,SAP,서울,,https://kr.indeed.com/viewjob?jk=,"processes Knowledge of Git or other version control, Python, SQL Understanding of modern computer architecture, operating..."
AI 연구/개발 직군 모집,넷마블,서울 구로구,,https://kr.indeed.com/viewjob?jk=,"ML 관련 분야 경력 6년 이상 - Cloud 서비스 활용 경험 - Python, C/C++, SQL 사용 가능 - Tensorflow 또는 상응하는... 웹 서비스 구축 등 자격요건 - Python 에 능숙하고 C/C++ 혹은..."
"[DGB자산운용] 주식운용, 마케팅",디지비자산운용,서울 영등포구,,https://kr.indeed.com/viewjob?jk=,"주식운용 및 리서치 경험자 - 계량 리서치, 퀀트 모델링 경험자 - 프로그래밍 가능자(SQL, VBA, R, Python 등) 2) 마케팅 - 담당업무 : 리테일 마케팅 - 직급 : 대리급 이하 - 지원자격 ① 판매채널 펀드..."
Junior Quant Trader,Byzantine Partners,서울,,https://kr.indeed.com/viewjob?jk=,background is a plus Programming capability is mandatory (i.e. Python) Understanding of machine learning algorithm is a plus...
2020 Market Data Analyst - Seoul (Korean...,Bloomberg,서울,,https://kr.indeed.com/viewjob?jk=,"languages (e.g. Python, R, JavaScript... programming/scripting languages (e.g. Python, R, JavaScript, Java) as well as SQL..."
"(송파구 문정동) 응용 프로그래머 (C++, C#, Python)",심네트,서울 용산구,,https://kr.indeed.com/viewjob?jk=,"(송파구 문정동) 응용 프로그래머 (C++, C#, Python) 모집부문 및 자격요건 모집분야 담당업무 우대사항 SW개발 ㆍ효과 산출도구 개발(공학모델) ㆍUI 기반 / MS Execl 자료 연동 ㆍC++, C# 개발 경험..."
"Senior Staff Engineer, FAE Samsung",ams,서울,,https://kr.indeed.com/viewjob?jk=,"programming languages including... limited to: C++, C and python carrier 15+ years of industry experience implementing..."
메가스터디 교육그룹 부문별 신입 및 경력 공개,커리어게이트,서울 강남구,,https://kr.indeed.com/viewjob?jk=,통신·모바일·게임>빅데이터·AI(인공지능)>데이터분석|인터넷·IT·통신·모바일·게임>빅데이터·AI(인공지능)> Python|인터넷·IT·통신·모바일·게임>빅데이터·AI(인공지능)>머신러닝|인터넷·IT·통신·모바일·게임>빅데이터...
4차산업선도인력 빅데이터-IoT 국비지원 교육생,비트컴퓨터,서울 강남구,,https://kr.indeed.com/viewjob?jk=,"습득 및 프로젝트 수행 후 관련 분야로 취업을 원하는 자 Java, Python 등 기본 프로그래밍 유 경험자 - 선발 우대사항 IT관련 전공학과... 게임>빅데이터·AI(인공지능)> Python|인터넷·IT·통신·모바일·게임..."
데이터 분석가 (Business Intelligence Analyst),코스닥 상장 중견 게임기업,서울 강남구,"연봉 40,000,000원 - 70,000,000원",https://kr.indeed.com/viewjob?jk=,"데이터 분석 결과를 쉽게 이해할 수 있도록 간결하고 명확한 의사전달 능력 [우대조건] * R, Python, Spark 등의 언어에 대한 이해도 * 모바일 앱SDK 연동 지원 업무 경험(Facebook, Admob..."
[NHN godo] 인프라 플랫폼 개발자,엔에이치엔고도,서울 구로구,,https://kr.indeed.com/viewjob?jk=,"이하 - PHP(주 개발언어), Python, Java 중 하나 이상 개발... 프로그래머> Python|인터넷·IT·통신·모바일·게임>웹프로그래머>JAVA|인터넷·IT·통신·모바일·게임>응용프로그래머> Python|인터넷·IT·통신..."
연구소 개발부문 연구원 직원 (회로설계/하드웨어설계/머신비전/이미지프로세...,모든,경기도 광명,"연봉 40,000,000원 - 42,000,000원",https://kr.indeed.com/viewjob?jk=,"프로그래밍 가능자 우대 S/W 설계 부문 : - OPEN CV, TENSORFLOW, YOLO, CUDA/ Python, C++, C WindowsGUL APL, MFC Lib 활용 가능자. 머신비전/ 영상처리 개발자 * 전기..."
Site Engineer (Seoul),Motion2AI,서울,,https://kr.indeed.com/viewjob?jk=,의력과 열정을 가진 분을 찾고 있습니다. 지원자격 필수조건 Linux/Windows 시스템 능숙 C++/ Python/Golang 등 코드 컴파일 및 디버깅 경험 우대조건 물류관련 프로젝트 경험 CS 및 관련 학과 출신...
ICT/바이오 분야 대졸자 취업연계과정,한국폴리텍대학분당융합기술교육원,성남 분당구,,https://kr.indeed.com/viewjob?jk=,프로그래머>머신러닝(ML)|인터넷·IT·통신·모바일·게임>응용프로그래머> Python|인터넷·IT·통신·모바일·게임>응용프로그래머>증강현실(AR)|전자... 게임>빅데이터·AI(인공지능)> Python|인터넷·IT·통신·모바일·게임...
Operations Manager (Technical Support),Amazon Web Services Korea LLC,서울,,https://kr.indeed.com/viewjob?jk=,Programming in one or more... following languages - Java/ Python/ Ruby/ .NET/ Android/ iOS · Must have excellent oral...
소프트웨어 엔지니어,Nexon,성남 분당구,,https://kr.indeed.com/viewjob?jk=,주요업무 - 넥슨 글로벌 플랫폼의 게임 클라이언트 배포 시스템 및 어플리케이션 개발 지원자격 - C++ 혹은 Python 프로그래밍 언어 능숙자 - 비동기 및 병렬처리 프로그래밍 경험 우대사항 - Modern C++ (11...
Backend Software Engineer(Streaming Data...,하이퍼커넥트,서울,,https://kr.indeed.com/viewjob?jk=,"Downtime 을 최소화 하기 위한 Bootstrapping 등을 준비합니다. 자격요건 Scala, Python, Java, Kotlin 중 하나 이상의 언어를 능숙하게 사용하실 수 있는 분 풍부한 CS 지식을 갖추신..."
(주)제이디솔루션 2020년도 상반기 개발부문,제이디솔루션,서울 금천구,,https://kr.indeed.com/viewjob?jk=,경험자 - 전기/전자/제어 전공자 및 신호 처리 경험자 - DSP(TI 및 ADSP 등) 개발 경험자 - Python / Matlab 등 시뮬레이션 툴 사용 가능 정규직 경력/신입 O명 신호처리 및 펌웨어 . 초음파/오디오...
QA Engineer,Calm Island,서울,,https://kr.indeed.com/viewjob?jk=,"JavaScript, Java, Python Computer Science... 가능 하신 분 우대 C#, C++, JavaScript, Java, Python에 대한 이해도 보유 우대 컴퓨터 공학, Applied Math 전공..."
Data Architect,Amazon Web Services Korea LLC,서울,,https://kr.indeed.com/viewjob?jk=,"one or more programming languages (Java, JavaScript, Python, etc). · Current hands-on implementation experience required..."
퍼즐데이터 역량있는 데이터 분석가,주식회사퍼즐데이터,서울 역삼동,,https://kr.indeed.com/viewjob?jk=,"데이터 마이닝 및 통계분석에 대한 전반적인 이해 3. 관련분야(산업공학, 통계 등) 전공 4. R or Python 사용 능력 * 이런 분은 더욱 좋아요. 1. 프로세스 마이닝 지식 보유자 2. 관련분야 대학원 전공 3..."
Data Analyst - Machine Learning,PUBG,서울,,https://kr.indeed.com/viewjob?jk=,"서비스 개발을 위한 인게임 로그 분석 [지원 자격] - 하나 이상의 프로그래밍 언어를 능숙하게 사용: Python, Scala 등 - 통계/머신 러닝 기반의 데이터 분석 경험 - 분석 결과의 문서화 능력 보유 - 서비스..."
AI/빅데이터/클라우드 분야 (인재 Pool),LG유플러스,서울,,https://kr.indeed.com/viewjob?jk=,"Science를 위한 언어(R/ Python) 및 Tool(scikit-learn/Tensorflow 등) 능숙자 . Deep Learning Model 구현 경험자 . Java, Python등을 이용하여 분석을 위한 Data..."
데이터 분석가 (Business Intelligence Analyst),코스닥 상장 중견 게임기업,서울 강남구,"연봉 40,000,000원 - 70,000,000원",https://kr.indeed.com/viewjob?jk=,"데이터 분석 결과를 쉽게 이해할 수 있도록 간결하고 명확한 의사전달 능력 [우대조건] * R, Python, Spark 등의 언어에 대한 이해도 * 모바일 앱SDK 연동 지원 업무 경험(Facebook, Admob..."
[AI R&D] 플랫폼 개발 엔지니어 수시 채용,엔씨소프트,성남 판교역,,https://kr.indeed.com/viewjob?jk=,"학사 이상 경력기간 : 3년 ~ 필수조건 # 필요 역량 (AI 관련 지식 역량은 필수는 아닙니다.) - Python, Java 등 하나 이상의 프로그래밍 언어에 대한 이해 및 개발 경력을 가지신 분 - RDBMS 또는..."
[전문연구요원] AI R&D - 플랫폼 연구 개발,엔씨소프트,성남 판교역,,https://kr.indeed.com/viewjob?jk=,"하여 AI 분야의 빠른 흐름에 대한 대응력을 갖춘다. 지원자격 학력 : 석사 이상 필수조건 # 필요 역량 - Python, Java 등 하나 이상의 프로그래밍 언어에 대한 이해 및 개발 경력을 가지신 분 - RDBMS 또는..."
Machine Learning Engineer (LINE AI Servi...,LINE Plus corporation,성남 서현역,,https://kr.indeed.com/viewjob?jk=,"적용한 경험 - Hadoop MR, Hive, Spark 등 대용량 처리 프레임워크 개발/사용 경험 - Python, Scala, SQL 등의 프로그래밍 언어를 사용할 수 있는 분 - 해외 출장/근무에 결격 사유가 없는..."
NAVER IDC 서버 운영/관리(평촌),NIT Service,안양 동안구,,https://kr.indeed.com/viewjob?jk=,"사항] - Web, WAS에 대한 지식과 System application 운영 경험 - Shell script, python 활용 가능 - 해외 데이터센터 인프라 구축 또는 운영 경험 [고용형태] - 정규직 [근무지역..."
"데이터분석, 데이터분석 외 경력 정규직",제나 (ZENA Inc.),서울 성동구,,https://kr.indeed.com/viewjob?jk=,"ㆍIRB(생명윤리위원회) 연구 심의신청 및 관리 유경험자 우대 ㆍR, Python, SQL 등 데이터 분석 도구 활용 가능자 우대 00 명 근무조건... 게임>빅데이터·AI(인공지능)> Python|인터넷·IT·통신·모바일·게임..."
데이터 분석가,카카오,성남 판교역,,https://kr.indeed.com/viewjob?jk=,"이터 분석 지원자격 데이터 분석 업무를 수행할 수 있는 하나 이상의 언어 스킬 필수 (예. SQL, Python, R 등) 데이터 기반 프로젝트 경험이 있으신 분 (예: 통계 분석 프로젝트) 어떤 일이라도 중요하게 여기..."
[홈쇼핑모아] 개발팀 / 백엔드 엔지니어,버즈니,서울,,https://kr.indeed.com/viewjob?jk=,API 개발 홈쇼핑모아 서버 인프라 스트럭처 이런 분을 찾습니다 관련 업무 경력 최소 3년 이상 있으신 분 Python 및 기반 프레임워크 개발 경험이 있으신 분 Docker(Contatiner) 기반 시스템 환경 구축 경험...
[기술플랫폼실] 정보보호 담당자 영입,카카오페이,성남 분당구,,https://kr.indeed.com/viewjob?jk=,"술적 지식과 설계, 구축, 운영 등 역량을 보유하신 분 - 개발언어(Shell script, JAVA, Python 등)에 대한 이해 및 코드리뷰와 관련한 역량을 보유하신 분 - ISMS-P, PCI-DSS, ISO27001..."
Data Analyst Lead,Toss,서울 강남구,,https://kr.indeed.com/viewjob?jk=,"있는 분 - 통계학 및 예측 모델링 관련 석/박사 학위 소지하신 분 혹은 경험이 풍부하신 분 - Python, R, Spark 등 언어 및 데이터 프로세싱 프레임워크에 대한 이해도가 높은 분 - Data Warehouse..."
Business Data Analyst 경력자 채용,Coupang,서울,,https://kr.indeed.com/viewjob?jk=,"조건 이커머스 또는 인터넷 서비스 업계 근무 경력을 보유하신 분 Python, R 등 기타 Programming language 사용 경력을 보유하... language (R, Python etc... automation..."
[빅데이터플랫폼] 데이터 플랫폼 엔지니어링 담당자,한국카카오은행,성남 분당구,,https://kr.indeed.com/viewjob?jk=,"및 구축 능력이 있는 분 · Hadoop Ecosystem 운영 경력이 3년 이상인 분 · Java 외 Python, Shell Script 중 1개 이상 언어로 필요한 운영 도구 개발이 가능한 분 · 전산 또는 관련 분야..."
"Solutions Architect, Manufacturing Speci...",Amazon Web Services Korea LLC,서울,,https://kr.indeed.com/viewjob?jk=,"getting hands dirty with code/scripting (e.g., Java, Python, C# / .NET, Node.js). · Business level English for both written..."
[기술플랫폼실] 데이터 사이언티스트(Data Scientist) 분석가...,카카오페이,성남 분당구,,https://kr.indeed.com/viewjob?jk=,"능하신 분 - SQL 쿼리를 활용한 데이터 전처리/추출 가능하신 분 - Python, R 중 분석/모델 개발을 위한 숙달된 언어 보유하신 분 우대사항... 게임>빅데이터·AI(인공지능)> Python|인터넷·IT·통신·모바일·게임..."
Software Engineer,Google,서울,,https://kr.indeed.com/viewjob?jk=,"languages including... limited to: C++, Java, C and Python. Experience in a wide variety of projects utilizing natural..."
iOS Developer,Bepro Company,서울,"연봉 40,000,000원 - 80,000,000원",https://kr.indeed.com/viewjob?jk=,참고 - React JS (Web) / Kotlin (Android) / Swift (iOS) - Python + Django - AWS lambda + API gateway - MySQL - Google Cloud...
"Application Engineer, Expert",Keysight Technologies,서울,,https://kr.indeed.com/viewjob?jk=,"Test Automation Programming skills includes .NET ,C++,C#, Python , Labview • Strong interest in solution development..."
빅데이터 분석/서비스 담당자,케이뱅크은행,서울 종로구,,https://kr.indeed.com/viewjob?jk=,"이터 분석 실무 경력 2년 이상 - 데이터마이닝, 로그분석, 모형 개발 업무 경험자 우대사항 - SQL/R/ Python 활용 중상급 이상 - 데이터 분석 기반의 문제 해결 경험 및 컨설팅 경험자 근무조건 [근무조건] - 근무..."
데이터 분석가 (Business Intelligence Analyst),코스닥 상장 중견 게임기업,서울 강남구,"연봉 40,000,000원 - 70,000,000원",https://kr.indeed.com/viewjob?jk=,"데이터 분석 결과를 쉽게 이해할 수 있도록 간결하고 명확한 의사전달 능력 [우대조건] * R, Python, Spark 등의 언어에 대한 이해도 * 모바일 앱SDK 연동 지원 업무 경험(Facebook, Admob..."
Deep Learning R&D Engineer,Intel,서울,,https://kr.indeed.com/viewjob?jk=,TensorFlow and PyTorch - Strong programming skills with Python Preferred Qualifications - Experience as a deep learning...
Software Engineer Intern,Intel,서울,,https://kr.indeed.com/viewjob?jk=,"environment Preferred Qualifications - Programming skills with Python - Understanding of operating systems, system software..."
데이터 분석가 (Business Intelligence Analyst),코스닥 상장 중견 게임기업,서울 강남구,"연봉 40,000,000원 - 70,000,000원",https://kr.indeed.com/viewjob?jk=,"데이터 분석 결과를 쉽게 이해할 수 있도록 간결하고 명확한 의사전달 능력 [우대조건] * R, Python, Spark 등의 언어에 대한 이해도 * 모바일 앱SDK 연동 지원 업무 경험(Facebook, Admob..."
[Clova] Clova AI 인재,네이버,서울,,https://kr.indeed.com/viewjob?jk=,"산시스템 등 CS 핵심 전공 지식 관련한 수준 높은 이해 Git을 능숙하게 사용 백엔드 서버 구현 역량 ( Python, Golang, Java Spring, node.js 등) Mobile App 개발 Objective..."
Frontend Developer (Javascript/React),Bepro Company,서울,,https://kr.indeed.com/viewjob?jk=,참고 - React JS (Web) / Kotlin (Android) / Swift (iOS) - Python + Django - AWS lambda + API gateway - MySQL - Google Cloud...
mmWave HW Design Engineer,Apple,서울,,https://kr.indeed.com/viewjob?jk=,"Momentum Programming and scripting languages... C, Java, Python, MySQL, or MATLAB Description - Collaborate closely..."
"IT Analyst, E-Commerce",Procter & Gamble,서울,,https://kr.indeed.com/viewjob?jk=,"Social Media Ad, DMP/DSP) Basic Programming (e.g. C++/Java/ Python) or Application development skills (e.g. website, mobile..."
[TmaxAI/R&D] AI본부 R&D 개발 연구원 신입/경력 (병역특례...,티맥스소프트,서울,,https://kr.indeed.com/viewjob?jk=,"석사 이상 학위 소지자만 가능 (현 전문연구요원 근무자 전직 가능) 우대사항 R&D 연구경력 개발자 우대 - Python 프로그래밍 유경험자 우대 - 머신러닝, 딥러닝 연구경력 (PyTorch, Tensorflow) 우대..."
Data Scientist,Boston Consulting Group,서울,,https://kr.indeed.com/viewjob?jk=,"analysis a plus, Programming... scripting exp.: eg. Python, C#, VBA, Java, Perl, etc. Experience in applied analytics..."
[대형보험사] 변액헤지 담당 (대리-차장급),커리어라임즈,서울,,https://kr.indeed.com/viewjob?jk=,"이상 (필수) - 금융공학 관련 지식, 프로그래밍 역량(C++,C#, Python,VBA,DB 등) (필수) - CFA, FRM 등(우대) 커리어라임즈... 지식, 프로그래밍 역량(C++,C#, Python,VBA,DB 등) (필수..."
클라우드 인프라 운영 담당자 모집,넷마블,서울 구로구,,https://kr.indeed.com/viewjob?jk=,GCP) - 오픈소스 구축 및 운영 경험 보유자 - 게임사/포탈 인프라 운영 - 글로벌 서비스 운영 경험 - Python/Bash shell 역량 - Linux/Windows OS 구조 공학적 이해 - 기술적인 문제점 파악...
R&D 연구원/ 임베디드시스템 개발자,홍익대학교 무인이동체자율항법연구실,서울 마포구,"월급 2,500,000원 - 4,000,000원",https://kr.indeed.com/viewjob?jk=,"로봇공학, 드론, 임베디드시스템 운용 및 통신, 머신러닝 중 일부 프로그래밍: Matlab, C/C++, Python, ROS 등 임베디드시스템: Raspberry PI, Arduino 등 오픈소스 기반 플랫폼 경험자..."
Data Operator,레이니스트,서울,,https://kr.indeed.com/viewjob?jk=,"적으로 일정을 협의하고 결과를 이끌어낼 수 있는 분 기초적인 데이터 활용과 분석이 가능하신 분 (SQL, Python/R, etc) 데이터에 기반해 의사결정을 하고, 이를 통해 유의미한 성과를 만들어낸 경험이 있으신 분 우대..."
[Clova] Clova AI AiCall 개발자 경력사원,네이버,서울,,https://kr.indeed.com/viewjob?jk=,내부 도구 개발 [필요역량] - Python 혹은 비슷한 유형의 언어 개발... 데이터 전처리 자동화 및 MLOps [필요역량] - Kotlin / Python / Go 중 하나 이상 능숙하게 개발 가능하신 분 - 디자인 패턴...
"(국비무료/수당지급) 빅데이터분석, UI/UX 퍼블리싱, 인터렉티브 앱/...",한국직업전문학교,서울,,https://kr.indeed.com/viewjob?jk=,데이터분석|인터넷·IT·통신·모바일·게임>빅데이터·AI(인공지능)> Python|인터넷·IT·통신·모바일·게임>빅데이터·AI(인공지능)>머신러닝|인터넷... 통신·모바일·게임>응용프로그래머> Python|인터넷·IT·통신·모바일·게임...
[커머스플랫폼(결제)] 개발팀 / 백엔드 엔지니어,버즈니,서울,,https://kr.indeed.com/viewjob?jk=,대용량 트랜잭션 처리를 위한 인프라 스트럭처 개발 이런 분을 찾습니다 관련 업무 최소 5년 이상 있으신 분 Python 및 기반 프레임워크 개발 경험이 있으신 분 Docker(Contatiner) 기반 시스템 환경 구축 경험...
[서울지사] 데이터 분석가,네오플,서울 강남구,,https://kr.indeed.com/viewjob?jk=,"분석해보고 싶은 주제와 방법론'이 있는 분 - 수학/통계 및 알고리즘에 대한 이해 및 활용 능력 - R, Python 등 자신에게 익숙한 툴을 활용한 데이터 가공 능력 - Word, Excel, PPT 활용능력 - 우수한..."
[조직문화/개발팀] 백엔드 엔지니어(사내 시스템 개발),버즈니,서울,,https://kr.indeed.com/viewjob?jk=,서버 개발 사내 서비스 인프라 스트럭처 이런 분을 찾습니다 관련 업무 경력이 최소 1년 이상 있으신 분 Python 및 기반 프레임워크 개발 경험이 있으신 분 Docker(Contatiner) 기반 시스템 환경 구축 경험이...
2020년 하반기 (SW/DB 개발),씨젠,서울 송파구,,https://kr.indeed.com/viewjob?jk=,"end) 프로그램 개발( Python) [필수요건] • 컴퓨터 공학/생물정보학 관련 전문학사 이상 • JAVA 또는 Python, C언어 사용 가능 자... 언어 사용 가능 자 (C or Python) 0명 솔루션개발 • 일반 병원..."
데이터 분석가 (Business Intelligence Analyst),코스닥 상장 중견 게임기업,서울 강남구,"연봉 40,000,000원 - 70,000,000원",https://kr.indeed.com/viewjob?jk=,"데이터 분석 결과를 쉽게 이해할 수 있도록 간결하고 명확한 의사전달 능력 [우대조건] * R, Python, Spark 등의 언어에 대한 이해도 * 모바일 앱SDK 연동 지원 업무 경험(Facebook, Admob..."
Cloud Support Eng. II (Lin),Amazon Web Services Korea LLC,서울,,https://kr.indeed.com/viewjob?jk=,"NoSQL(Redis, Memcached). · Programming/scripting in Python/Java/Shell/Perl/Ruby/PHP/etc. · Experience managing full..."
Cloud Support Eng. II (DMS),Amazon Web Services Korea LLC,서울,,https://kr.indeed.com/viewjob?jk=,browser or node.js) / iOS (Objective-C / Swift) / Python / Ruby / Go · Customer service experience / strong customer focus...
데이터 분석가 영입,카카오모빌리티,성남 분당구,,https://kr.indeed.com/viewjob?jk=,"뤄보신 분 - Java, R, Python, Ruby 등 1개 이상의 주력... 모바일·게임>응용프로그래머> Python|인터넷·IT·통신·모바일·게임>웹프로그래머>JAVA|인터넷·IT·통신·모바일·게임>웹프로그래머> Python"
Business Data Analyst,Soomgo,서울 강남구,,https://kr.indeed.com/viewjob?jk=,"즈니스에 적용하고 개선한 경험 (Google Optimize, Optimizely, 등) 우대사항 • Python 또는 R 을 사용하여 데이터 분석에 활용 가능 • 경영학, 통계학, 경제학, data analysis 등..."
[Search] AI 기반 글로벌 추천 서비스/시스템 개발,네이버,서울,,https://kr.indeed.com/viewjob?jk=,"자격요건] · CS 전공자 또는 그에 상응하는 탄탄한 CS 기본기를 보유한 분 · Java, Scala, Python, C++, Go 중 1 개 이상의 언어에 자신이 있는 분 [우대사항] · 빅데이터 배치 / 실시간 처리를..."
Data Scientist III,Amazon Web Services Korea LLC,서울,,https://kr.indeed.com/viewjob?jk=,"development in languages like Java, Python, Scala. Experience working with RESTful... data processing with Python, R & SQL..."
Cloud Solution Engineer (AppDev),Oracle,서울,,https://kr.indeed.com/viewjob?jk=,"Prefered Experience - DevOps 경험 : CI/CD 파이프라인 구축 운영 - Java, Python 등 개발언어 사용 능력 - Kubernetes 환경에서 개발 및 운영 경험 - 오픈소스 환경에서 개발 및..."
"[어니컴(주)] 영상 처리 개발자(컴퓨터 비전, 딥러닝) 경력자",어니컴,서울 중구,,https://kr.indeed.com/viewjob?jk=,게임>빅데이터·AI(인공지능)> Python|인터넷·IT·통신·모바일·게임... 모바일·게임>응용프로그래머> Python|인터넷·IT·통신·모바일·게임>웹프로그래머>JAVA|인터넷·IT·통신·모바일·게임>웹프로그래머> Python
[퇴직기술인력 중소기업활용]㈜오픈놀 웹개발자 경력자 안내,오픈놀,서울 마포구,"연봉 35,000,000원 - 50,000,000원",https://kr.indeed.com/viewjob?jk=,"및 알람 관련 환경과 도구를 활용해 보신분 -Linux 명령 및 shell 스크립트 작성에 익숙하신 분 - Python, Go, Node.js등 프로그래밍 잘하시는 분 [근무시간 및 형태] 주 5일 근무 09:00-18:00..."
Analytics Specialist,MightyHive,서울,,https://kr.indeed.com/viewjob?jk=,"end languages ( Python, NodeJS, PHP, etc... HTML5 / CSS / JavaScript, 기타 프론트 엔드 언어 ( Python, NodeJS, PHP 등)에 대한 read/write 능력..."
Support Engineer _ Azure Security,Microsoft,서울,,https://kr.indeed.com/viewjob?jk=,"Linux script-based development environments and tools (PERL, Python, Ruby, PhP, etc.) o Programming language (C++/C#) Please..."
2020년도 IT기획팀 경력사원,한국다이이찌산쿄,서울 중구,,https://kr.indeed.com/viewjob?jk=,게임>빅데이터·AI(인공지능)> Python|인터넷·IT·통신·모바일·게임... 터넷·IT·통신·모바일·게임>웹프로그래머> Python|인터넷·IT·통신·모바일·게임>응용프로그래머> Python|인터넷·IT·통신·모바일·게임>응용프로...
[기술플랫폼실] 시스템 엔지니어 영입,카카오페이,성남 분당구,,https://kr.indeed.com/viewjob?jk=,"분석 능력이 있으신 분 우대사항 - 포털/게임사 에서 대규모 인프라 운영 경험이 있으신 분 - Python, Ruby 프로그램 개발 및 Shell Script 사용이 가능하신 분 - 오픈소스(Redis, Memcached..."
Data Specialist (Scientist&&Engineer),아우름플래닛,서울 마포구,,https://kr.indeed.com/viewjob?jk=,"Tensorflow, Keras, Pytorch, Theano 등)를 하나 이상 사용할 수 있는 분 • R, Python, Scala, SQL 등을 이용한 데이터 분석 및 프로그램 개발 능력이 있는 분 • 데이터 분석 기법..."
[모아리포트] 개발팀 / 백엔드 엔지니어,버즈니,서울,,https://kr.indeed.com/viewjob?jk=,포트 API 개발 모아리포트 인프라 스트럭처 개발 이런 분을 찾습니다 관련 업무 최소 3년 이상 있으신 분 Python 및 기반 프레임워크 개발 경험이 있으신 분 Docker(Contatiner) 기반 시스템 환경 구축 경험...
유명 바이오 의료기기 스타트업 백엔드 개발자 정규직,인파트너스,서울 서초구,"연봉 50,000,000원 - 60,000,000원",https://kr.indeed.com/viewjob?jk=,"웹 개발 환경에 대한 이해와 경험 웹개발 경험: Golang(또는 Python Django), REST API 단위테스트 작성, TDD 개발 우대사항 Python(Django) 또는 Golang 개발 경험 javascript..."
"Principal, Business Analyst (SCM Systems...",Coupang,서울,,https://kr.indeed.com/viewjob?jk=,"analysis experience One who has experience with SQL, Excel, Python, and R/SAS or any statistical package Preferred: One who..."
"Analog Design Engr, Sr I",Synopsys,경기도 성남,,https://kr.indeed.com/viewjob?jk=,"simulation-control/data-capture. Experience with TCL, Perl, C, Python, MATLAB. Inclusion and Diversity are important to us..."
[허브클랜] 비즈니스 데이터 분석가 (Business Data Analy...,카카오페이,성남 분당구,,https://kr.indeed.com/viewjob?jk=,하신 분 - SQL등을 통해 복잡한 데이터 셋에서 원하는 데이터를 추출 및 가공할 수 있으신 분 - R 또는 Python을 활용하여 분석 및 결과 리포팅이 가능하신 분 - 분석을 통해 도출된 의견을 논리적이고 체계적으로 제시...
Security Engineer (취약점 분석),Toss,서울 강남구,,https://kr.indeed.com/viewjob?jk=,"# 자격 요건 - 모의해킹 및 취약점 점검 경력이 있는 분 - 소스 코드 정적 취약점 점검에 능숙한 분 - Python, C, C++, JAVA 중 프로그래밍 언어에 능숙한 분 # 우대 사항 - 국내 또는 국외 버그 바운티..."
Technical Customer Support Engineer (Kor...,Univa Corporation,서울,,https://kr.indeed.com/viewjob?jk=,"Shell scripting (bourne, bash, other unix shells) and Python. Experience in Perl and C/C++ would be a nice to have. Knowledge..."
데이터분석팀 데이터분석가,넥스트플로어,서울 서초구,,https://kr.indeed.com/viewjob?jk=,"보고서 작성이 가능하신 분 [우대사항] • 게임 업계 혹은 다른 업계의 데이터 분석 실무 경험 • R 혹은 Python을 이용한 데이터분석 능력 • 수학, 통계학, 데이터마이닝, 머신러닝 등 분석 관련 학위 보유자 • 게임..."
시스템개발팀 경력사원,한화솔루션,서울 중구,,https://kr.indeed.com/viewjob?jk=,년 - 임베디드 Linux 시스템 개발 능력 보유자 - C/C++/ Python 언어 개발 능력 보유자 - IPC에 대한 높은 이해도 및 Porting... learning 개발경험 보유자 - Python (C/C++) 언어 개발...
보험 신규사업 비즈니스 분야 담당자 영입,카카오페이,성남 분당구,,https://kr.indeed.com/viewjob?jk=,"술적 지식과 설계, 구축, 운영 등 역량을 보유하신 분 - 개발언어(Shell script, JAVA, Python 등)에 대한 이해 및 코드리뷰와 관련한 역량을 보유하신 분 - ISMS-P, PCI-DSS, ISO27001..."
[ 2020 YG ENTERTAINMENT ] 정보관리 경력 (IT시스템...,YG 엔터테인먼트,서울 합정동,,https://kr.indeed.com/viewjob?jk=,"리기사 보유자 - 개발 프로젝트 참여 경력 보유자 - PM/PL 업무 수행 가능자 - 개발언어(PHP/ Python), SE/NE 업무 가능자 - 원만한 커뮤니케이션 및 교류 가능자 # 접수방법 - 당사 Recruit..."
데이터 분석 직군 모집,넷마블,서울 구로구,,https://kr.indeed.com/viewjob?jk=,"요건 - 관련 분야 경력 3년 이상 - 정형/비정형 데이터 분석 및 모델링 가능 - 통계 분석 도구 (R, Python, Tensorflow 등) 및 SQL 사용 가능 - 다양한 직군의 사람들과 원활한 커뮤니케이션 및 협업..."
데이터 분석가 (Business Intelligence Analyst),코스닥 상장 중견 게임기업,서울 강남구,"연봉 40,000,000원 - 70,000,000원",https://kr.indeed.com/viewjob?jk=,"데이터 분석 결과를 쉽게 이해할 수 있도록 간결하고 명확한 의사전달 능력 [우대조건] * R, Python, Spark 등의 언어에 대한 이해도 * 모바일 앱SDK 연동 지원 업무 경험(Facebook, Admob..."
Technical Trainer - Amazon Web Services,Amazon Web Services Korea LLC,서울,,https://kr.indeed.com/viewjob?jk=,"more... following languages, Java, .Net, Perl, PHP, Ruby, Python... R. · Use Deep Learning frameworks like MXNet..."
Data Engineer,Toss,서울 강남구,,https://kr.indeed.com/viewjob?jk=,"등) 활용 경험이 있으신 분 - 데이터 분석도구 개발을 위한 소프트웨어 개발 역량(Java, Scala, Python 등)을 갖추신 분 # 우대 사항 - Kinesis, Kafka 구축 및 운영 경험 - 중급 이상의 프로그래..."
Solutions Architect - Amazon Connect,Amazon Web Services Korea LLC,서울,,https://kr.indeed.com/viewjob?jk=,"passion for getting hands dirty with code/scripting (e.g, python, java, c#, .NET, Node.js) · Native Korean · Business level..."
8퍼센트 개발자 (신입/경력),8퍼센트,서울 종로구,,https://kr.indeed.com/viewjob?jk=,개발 금융 데이터 분석과 분석 플랫폼 운영 자격요건 컴퓨터 전공자 또는 웹 개발 경력 1년 이상 우대사항 Python 코드를 무리 없이 읽으실 수 있는 분 Linux/Mac 사용 가능한 분 새로운 기술에 대한 호기심을 가지신...
Internal Infra Engineer,Toss,서울 강남구,,https://kr.indeed.com/viewjob?jk=,분 # 우대 사항 - Nutanix/VMWare 구축 운영 경험이 있으신 분 - Powershell 또는 Python 등을 사용한 시스템 관리 자동화 경험이 있으신 분 - 100명 이상 규모의 L3/L4 네트워크 관리 또는...
"[정규직] 웹 개발자 (프론트 엔드, 리눅스, 자바스크립트)",카이팜,서울 서대문구,,https://kr.indeed.com/viewjob?jk=,"상세 이력서 등록하기 지원양식 커리어 온라인 이력서 직무/산업 직무별(직종) 웹프로그래머웹프로그래머, Python 응용프로그래머Linux 서버.보안.네트워크.DB서버구축, 서버관리 HTML코딩.퍼블리셔자바스크립트 산업별(업종..."
"Principal, Strategic Planning",Coupang,서울,,https://kr.indeed.com/viewjob?jk=,"e-commerce and other internet-based industries; retail SQL, Python experience is a plus Experience with Tableau also a plus..."
"S/W 엔지니어, 펌웨어 외 경력 정규직",씨젠,서울 송파구,,https://kr.indeed.com/viewjob?jk=,"고서 작성 가능 하신 분 [우대사항] · Linux device driver 개발 · QT, Gnome · Python · DSP for ADC noise reduction · Calibration software 작성 경험..."
Senior Back-End Developer,Asiance,서울,,https://kr.indeed.com/viewjob?jk=,"deployment. • 배포는 주로 Docker 사용. • PHP, Python for backend development. • PHP, Python 등을 사용하여 백엔드 개발. • MySQL for structured..."
[AI Lab] AI 백엔드 엔지니어,버즈니,서울,,https://kr.indeed.com/viewjob?jk=,"플랫폼 및 시스템 구축 이런 분을 찾습니다 주도적으로 문제를 찾고, 해결할 수 있는 능력을 보유하신 분 Python 사용 경험이 있으신 분 다음 항목 중 두 가지 이상에 해당되는 분 AWS 혹은 GCP와 같은 클라우드 플랫폼..."
R&D 인공지능/딥러닝 / UNITY 신입,스칼라웍스,서울 금천구,,https://kr.indeed.com/viewjob?jk=,"2) 전산 이론 기초 (Data Structure, Algorithm)를 이해하고 기본적인 코딩 가능한 인재 3) Python Application 관련 개발 업무 (코딩 또는 문제해결) 수행 가능한 인재 4) Machine..."
네이버웹툰(주) 툰레이더 연구 개발자(경력) (상시),네이버,서울,,https://kr.indeed.com/viewjob?jk=,"있는 분 - Python 기반의 Image Processing, Data Analysis, 웹 개발 기술을 보유하신 분 ​ 우대사항 - 문제 해결을 위한 머신러닝 기법을 잘 활용할 줄 아는 분 - Python을 모국어처럼 잘..."
HANA Core Developer,SAP,서울,,https://kr.indeed.com/viewjob?jk=,"plus factors Fluency in C++, experience in SQL, Python, GoLang, Kubernetes, Docker Fluency in English Experience..."
자동차업무팀 경력 Specialist,AXA손해보험,서울 용산구,,https://kr.indeed.com/viewjob?jk=,"Tool(SAS, SQL, R, Python 등)을 이용한 손해율 예측모델... 인공지능)> Python|인터넷·IT·통신·모바일·게임>응용프로그래머>머신러닝(ML)|인터넷·IT·통신·모바일·게임>응용프로그래머> Python|마케팅..."
자연어처리전문가 금융챗봇 만들어 갈 엔지니어,파운트,서울 충정로역,,https://kr.indeed.com/viewjob?jk=,리에 필요한 알고리즘을 개발하고 Python으로 구현 및 성능 검증을 진행... Description - 자연어 처리에 필요한 알고리즘을 개발하고 Python으로 구현 및 성능 검증을 진행 - 자연어 전처리 (형태소 분석...
메가스터디 IT아카데미 신촌캠퍼스 교육부 웹학과 강사,커리어게이트,서울 마포구,,https://kr.indeed.com/viewjob?jk=,"업무 자격요건 인원 [웹 학과] 1. 기초 프로그래밍 강의 Python, JAVA, Python,C++ 알고리즘/자료구조 2. 웹개발 포트폴리오 강의... 통신·모바일·게임>웹프로그래머> Python|인터넷·IT·통신·모바일·게임..."
Lead Technical Solutions Engineer,MightyHive,서울,,https://kr.indeed.com/viewjob?jk=,Data Analysis in Python... R Machine... 와 같은 모바일 앱 트래킹 도구들을 위한 모바일 이벤트 트래킹 Python 또는 R 을 활용한 데이터 분석 Machine Learning...
[AI R&D] Language AI(NLP) Research 분야 수시...,엔씨소프트,성남 판교역,,https://kr.indeed.com/viewjob?jk=,"분 - 통계/Machine Learning에 대한 이해와 활용 능력 및 text 처리 기술에 대한 경험 - Python, Java 등을 이용하여 NLP 기술을 구현 가능한 분 - 최신 기술(논문, 기술문서 등)을 습득하는..."
신영증권 SP OM부 경력직원,신영증권,서울 영등포구,,https://kr.indeed.com/viewjob?jk=,통신·모바일·게임>응용프로그래머> Python|인터넷·IT·통신·모바일·게임... 임베디드(Embedded)|인터넷·IT·통신·모바일·게임>웹프로그래머> Python|인터넷·IT·통신·모바일·게임>빅데이터·AI(인공지능)> Python
기술 인턴 인공지능 응용 연구/개발 인턴,써로마인드로보틱스,서울 관악구,,https://kr.indeed.com/viewjob?jk=,"6개월) (협의) *모집 절차: 서류 à인터뷰(오프라인) *지원 자격: 프로그래밍 언어 활용 능력: Python, C, C++ 중 1가지 이상 데이터구조, 알고리즘 과목 이수 머신러닝과 딥러닝의 기본 개념 이해 머신러닝..."
R&D 인공지능/딥러닝 / UNITY 신입,스칼라웍스,서울 금천구,,https://kr.indeed.com/viewjob?jk=,"2) 전산 이론 기초 (Data Structure, Algorithm)를 이해하고 기본적인 코딩 가능한 인재 3) Python Application 관련 개발 업무 (코딩 또는 문제해결) 수행 가능한 인재 4) Machine..."
데이터 분석가 (Business Intelligence Analyst),코스닥 상장 중견 게임기업,서울 강남구,"연봉 40,000,000원 - 70,000,000원",https://kr.indeed.com/viewjob?jk=,"데이터 분석 결과를 쉽게 이해할 수 있도록 간결하고 명확한 의사전달 능력 [우대조건] * R, Python, Spark 등의 언어에 대한 이해도 * 모바일 앱SDK 연동 지원 업무 경험(Facebook, Admob..."
[AI Lab] AI 백엔드 엔지니어,버즈니,서울,,https://kr.indeed.com/viewjob?jk=,"플랫폼 및 시스템 구축 이런 분을 찾습니다 주도적으로 문제를 찾고, 해결할 수 있는 능력을 보유하신 분 Python 사용 경험이 있으신 분 다음 항목 중 두 가지 이상에 해당되는 분 AWS 혹은 GCP와 같은 클라우드 플랫폼..."
데이터 분석가 (Business Intelligence Analyst),코스닥 상장 중견 게임기업,서울 강남구,"연봉 40,000,000원 - 70,000,000원",https://kr.indeed.com/viewjob?jk=,"데이터 분석 결과를 쉽게 이해할 수 있도록 간결하고 명확한 의사전달 능력 [우대조건] * R, Python, Spark 등의 언어에 대한 이해도 * 모바일 앱SDK 연동 지원 업무 경험(Facebook, Admob..."
[Autonomous Driving] Virtual Environment...,네이버,서울,,https://kr.indeed.com/viewjob?jk=,"C/C++, Software Design, Debugging Skills ㅇ 스크립트 언어 개발 경험 ( Python, Bash, etc) ㅇ Embedded Platform과 System Software 개발 경험 및 이해..."
"S/W 엔지니어, 펌웨어 외 경력 정규직",씨젠,서울 송파구,,https://kr.indeed.com/viewjob?jk=,"고서 작성 가능 하신 분 [우대사항] · Linux device driver 개발 · QT, Gnome · Python · DSP for ADC noise reduction · Calibration software 작성 경험..."
[클라우드그램] 2020년 하반기 부문별,클라우드그램,서울 강남구,,https://kr.indeed.com/viewjob?jk=,"대 고객 프로젝트 리딩 경험 - Ansible, Chef, Puppet 등 인프라 자동화 도구 경험자 - Python, Ruby, Node.js 등 스크립트 가능자 Solutions Architect (AWS 부문) (경력3..."
Cloud Support Eng. II (Lin),Amazon Web Services Korea LLC,서울,,https://kr.indeed.com/viewjob?jk=,"NoSQL(Redis, Memcached). · Programming/scripting in Python/Java/Shell/Perl/Ruby/PHP/etc. · Experience managing full..."
Cloud Support Eng. II (DMS),Amazon Web Services Korea LLC,서울,,https://kr.indeed.com/viewjob?jk=,browser or node.js) / iOS (Objective-C / Swift) / Python / Ruby / Go · Customer service experience / strong customer focus...
Frontend Developer (Javascript/React),Bepro Company,서울,,https://kr.indeed.com/viewjob?jk=,참고 - React JS (Web) / Kotlin (Android) / Swift (iOS) - Python + Django - AWS lambda + API gateway - MySQL - Google Cloud...
Data Engineer,Toss,서울 강남구,,https://kr.indeed.com/viewjob?jk=,"등) 활용 경험이 있으신 분 - 데이터 분석도구 개발을 위한 소프트웨어 개발 역량(Java, Scala, Python 등)을 갖추신 분 # 우대 사항 - Kinesis, Kafka 구축 및 운영 경험 - 중급 이상의 프로그래..."
Lead Technical Solutions Engineer,MightyHive,서울,,https://kr.indeed.com/viewjob?jk=,Data Analysis in Python... R Machine... 와 같은 모바일 앱 트래킹 도구들을 위한 모바일 이벤트 트래킹 Python 또는 R 을 활용한 데이터 분석 Machine Learning...
"[어니컴(주)] 영상 처리 개발자(컴퓨터 비전, 딥러닝) 경력자",어니컴,서울 중구,,https://kr.indeed.com/viewjob?jk=,게임>빅데이터·AI(인공지능)> Python|인터넷·IT·통신·모바일·게임... 모바일·게임>응용프로그래머> Python|인터넷·IT·통신·모바일·게임>웹프로그래머>JAVA|인터넷·IT·통신·모바일·게임>웹프로그래머> Python
R&D 연구원/ 임베디드시스템 개발자,홍익대학교 무인이동체자율항법연구실,서울 마포구,"월급 2,500,000원 - 4,000,000원",https://kr.indeed.com/viewjob?jk=,"로봇공학, 드론, 임베디드시스템 운용 및 통신, 머신러닝 중 일부 프로그래밍: Matlab, C/C++, Python, ROS 등 임베디드시스템: Raspberry PI, Arduino 등 오픈소스 기반 플랫폼 경험자..."
HANA Core Developer,SAP,서울,,https://kr.indeed.com/viewjob?jk=,"plus factors Fluency in C++, experience in SQL, Python, GoLang, Kubernetes, Docker Fluency in English Experience..."
인프라 플랫폼 개발자,고도소프트,서울 구로구,,https://kr.indeed.com/viewjob?jk=,"NHN고도의 신규 서비스 개발 자격요건 - 웹개발 경력 1년 이상 ~ 5년 이하 - PHP(주 개발언어), python, java중 하나 이상 개발이 가능한 분. - Database 이해도가 높은 분 - 개발 프레임워크 사용..."
데이터분석팀 데이터분석가,넥스트플로어,서울 서초구,,https://kr.indeed.com/viewjob?jk=,"보고서 작성이 가능하신 분 [우대사항] • 게임 업계 혹은 다른 업계의 데이터 분석 실무 경험 • R 혹은 Python을 이용한 데이터분석 능력 • 수학, 통계학, 데이터마이닝, 머신러닝 등 분석 관련 학위 보유자 • 게임..."
[커머스플랫폼(결제)] 개발팀 / 백엔드 엔지니어,버즈니,서울,,https://kr.indeed.com/viewjob?jk=,대용량 트랜잭션 처리를 위한 인프라 스트럭처 개발 이런 분을 찾습니다 관련 업무 최소 5년 이상 있으신 분 Python 및 기반 프레임워크 개발 경험이 있으신 분 Docker(Contatiner) 기반 시스템 환경 구축 경험...
분석지원팀 - 데이터 분석가,Nexon,성남 분당구,,https://kr.indeed.com/viewjob?jk=,및 커뮤니케이션 능력 - (필수) 새로운 기술 습득에 능동적이고 거부감이 없는 분 - (선택) R 혹은 Python을 이용한 데이터분석 능력 - (선택) SQL 기본 활용 능력 - (선택) 통계 및 분석에 대한 이론...
[Clova] Clova AI AiCall 개발자 경력사원,네이버,서울,,https://kr.indeed.com/viewjob?jk=,내부 도구 개발 [필요역량] - Python 혹은 비슷한 유형의 언어 개발... 데이터 전처리 자동화 및 MLOps [필요역량] - Kotlin / Python / Go 중 하나 이상 능숙하게 개발 가능하신 분 - 디자인 패턴...
Data Operator,레이니스트,서울,,https://kr.indeed.com/viewjob?jk=,"적으로 일정을 협의하고 결과를 이끌어낼 수 있는 분 기초적인 데이터 활용과 분석이 가능하신 분 (SQL, Python/R, etc) 데이터에 기반해 의사결정을 하고, 이를 통해 유의미한 성과를 만들어낸 경험이 있으신 분 우대..."
"Principal, Strategic Planning",Coupang,서울,,https://kr.indeed.com/viewjob?jk=,"e-commerce and other internet-based industries; retail SQL, Python experience is a plus Experience with Tableau also a plus..."
2020년도 IT기획팀 경력사원,한국다이이찌산쿄,서울 중구,,https://kr.indeed.com/viewjob?jk=,게임>빅데이터·AI(인공지능)> Python|인터넷·IT·통신·모바일·게임... 터넷·IT·통신·모바일·게임>웹프로그래머> Python|인터넷·IT·통신·모바일·게임>응용프로그래머> Python|인터넷·IT·통신·모바일·게임>응용프로...
2020년 하반기 (SW/DB 개발),씨젠,서울 송파구,,https://kr.indeed.com/viewjob?jk=,"end) 프로그램 개발( Python) [필수요건] • 컴퓨터 공학/생물정보학 관련 전문학사 이상 • JAVA 또는 Python, C언어 사용 가능 자... 언어 사용 가능 자 (C or Python) 0명 솔루션개발 • 일반 병원..."
Security Engineer (취약점 분석),Toss,서울 강남구,,https://kr.indeed.com/viewjob?jk=,"# 자격 요건 - 모의해킹 및 취약점 점검 경력이 있는 분 - 소스 코드 정적 취약점 점검에 능숙한 분 - Python, C, C++, JAVA 중 프로그래밍 언어에 능숙한 분 # 우대 사항 - 국내 또는 국외 버그 바운티..."
네이버 일본 맛집 서비스 CONOMI 머신러닝 개발자,네이버,서울,,https://kr.indeed.com/viewjob?jk=,"2 년 이상 ) - 컴퓨터 관련 전공자 수준의 프로그래밍 역량 (Linux/Shell, C++, Python, TensorFlow, PyTorch 등 ) - Production level 의 machine learning..."
기술 인턴 인공지능 응용 연구/개발 인턴,써로마인드로보틱스,서울 관악구,,https://kr.indeed.com/viewjob?jk=,"6개월) (협의) *모집 절차: 서류 à인터뷰(오프라인) *지원 자격: 프로그래밍 언어 활용 능력: Python, C, C++ 중 1가지 이상 데이터구조, 알고리즘 과목 이수 머신러닝과 딥러닝의 기본 개념 이해 머신러닝..."
[모아리포트] 개발팀 / 백엔드 엔지니어,버즈니,서울,,https://kr.indeed.com/viewjob?jk=,포트 API 개발 모아리포트 인프라 스트럭처 개발 이런 분을 찾습니다 관련 업무 최소 3년 이상 있으신 분 Python 및 기반 프레임워크 개발 경험이 있으신 분 Docker(Contatiner) 기반 시스템 환경 구축 경험...
iOS Developer,Bepro Company,서울,"연봉 40,000,000원 - 80,000,000원",https://kr.indeed.com/viewjob?jk=,참고 - React JS (Web) / Kotlin (Android) / Swift (iOS) - Python + Django - AWS lambda + API gateway - MySQL - Google Cloud...
데이터 분석가 영입,카카오모빌리티,성남 분당구,,https://kr.indeed.com/viewjob?jk=,"뤄보신 분 - Java, R, Python, Ruby 등 1개 이상의 주력... 모바일·게임>응용프로그래머> Python|인터넷·IT·통신·모바일·게임>웹프로그래머>JAVA|인터넷·IT·통신·모바일·게임>웹프로그래머> Python"
[조직문화/개발팀] 백엔드 엔지니어(사내 시스템 개발),버즈니,서울,,https://kr.indeed.com/viewjob?jk=,서버 개발 사내 서비스 인프라 스트럭처 이런 분을 찾습니다 관련 업무 경력이 최소 1년 이상 있으신 분 Python 및 기반 프레임워크 개발 경험이 있으신 분 Docker(Contatiner) 기반 시스템 환경 구축 경험이...
클라우드 인프라 운영 담당자 모집,넷마블,서울 구로구,,https://kr.indeed.com/viewjob?jk=,GCP) - 오픈소스 구축 및 운영 경험 보유자 - 게임사/포탈 인프라 운영 - 글로벌 서비스 운영 경험 - Python/Bash shell 역량 - Linux/Windows OS 구조 공학적 이해 - 기술적인 문제점 파악...
자동차업무팀 경력 Specialist,AXA손해보험,서울 용산구,,https://kr.indeed.com/viewjob?jk=,"Tool(SAS, SQL, R, Python 등)을 이용한 손해율 예측모델... 인공지능)> Python|인터넷·IT·통신·모바일·게임>응용프로그래머>머신러닝(ML)|인터넷·IT·통신·모바일·게임>응용프로그래머> Python|마케팅..."
"(국비무료/수당지급) 빅데이터분석, UI/UX 퍼블리싱, 인터렉티브 앱/...",한국직업전문학교,서울,,https://kr.indeed.com/viewjob?jk=,데이터분석|인터넷·IT·통신·모바일·게임>빅데이터·AI(인공지능)> Python|인터넷·IT·통신·모바일·게임>빅데이터·AI(인공지능)>머신러닝|인터넷... 통신·모바일·게임>응용프로그래머> Python|인터넷·IT·통신·모바일·게임...
네이버웹툰(주) 툰레이더 연구 개발자(경력) (상시),네이버,서울,,https://kr.indeed.com/viewjob?jk=,"있는 분 - Python 기반의 Image Processing, Data Analysis, 웹 개발 기술을 보유하신 분 ​ 우대사항 - 문제 해결을 위한 머신러닝 기법을 잘 활용할 줄 아는 분 - Python을 모국어처럼 잘..."
자연어처리전문가 금융챗봇 만들어 갈 엔지니어,파운트,서울 충정로역,,https://kr.indeed.com/viewjob?jk=,리에 필요한 알고리즘을 개발하고 Python으로 구현 및 성능 검증을 진행... Description - 자연어 처리에 필요한 알고리즘을 개발하고 Python으로 구현 및 성능 검증을 진행 - 자연어 전처리 (형태소 분석...
[ 2020 YG ENTERTAINMENT ] 정보관리 경력 (IT시스템...,YG 엔터테인먼트,서울 합정동,,https://kr.indeed.com/viewjob?jk=,"리기사 보유자 - 개발 프로젝트 참여 경력 보유자 - PM/PL 업무 수행 가능자 - 개발언어(PHP/ Python), SE/NE 업무 가능자 - 원만한 커뮤니케이션 및 교류 가능자 # 접수방법 - 당사 Recruit..."
"[정규직] 웹 개발자 (프론트 엔드, 리눅스, 자바스크립트)",카이팜,서울 서대문구,,https://kr.indeed.com/viewjob?jk=,"상세 이력서 등록하기 지원양식 커리어 온라인 이력서 직무/산업 직무별(직종) 웹프로그래머웹프로그래머, Python 응용프로그래머Linux 서버.보안.네트워크.DB서버구축, 서버관리 HTML코딩.퍼블리셔자바스크립트 산업별(업종..."
[AI R&D] Language AI(NLP) Research 분야 수시...,엔씨소프트,성남 판교역,,https://kr.indeed.com/viewjob?jk=,"분 - 통계/Machine Learning에 대한 이해와 활용 능력 및 text 처리 기술에 대한 경험 - Python, Java 등을 이용하여 NLP 기술을 구현 가능한 분 - 최신 기술(논문, 기술문서 등)을 습득하는..."
메가스터디 IT아카데미 신촌캠퍼스 교육부 웹학과 강사,커리어게이트,서울 마포구,,https://kr.indeed.com/viewjob?jk=,"업무 자격요건 인원 [웹 학과] 1. 기초 프로그래밍 강의 Python, JAVA, Python,C++ 알고리즘/자료구조 2. 웹개발 포트폴리오 강의... 통신·모바일·게임>웹프로그래머> Python|인터넷·IT·통신·모바일·게임..."
Solutions Architect - Amazon Connect,Amazon Web Services Korea LLC,서울,,https://kr.indeed.com/viewjob?jk=,"passion for getting hands dirty with code/scripting (e.g, python, java, c#, .NET, Node.js) · Native Korean · Business level..."
Technical Customer Support Engineer (Kor...,Univa Corporation,서울,,https://kr.indeed.com/viewjob?jk=,"Shell scripting (bourne, bash, other unix shells) and Python. Experience in Perl and C/C++ would be a nice to have. Knowledge..."
신영증권 SP OM부 경력직원,신영증권,서울 영등포구,,https://kr.indeed.com/viewjob?jk=,통신·모바일·게임>응용프로그래머> Python|인터넷·IT·통신·모바일·게임... 임베디드(Embedded)|인터넷·IT·통신·모바일·게임>웹프로그래머> Python|인터넷·IT·통신·모바일·게임>빅데이터·AI(인공지능)> Python
Senior Back-End Developer,Asiance,서울,,https://kr.indeed.com/viewjob?jk=,"deployment. • 배포는 주로 Docker 사용. • PHP, Python for backend development. • PHP, Python 등을 사용하여 백엔드 개발. • MySQL for structured..."
Technical Trainer - Amazon Web Services,Amazon Web Services Korea LLC,서울,,https://kr.indeed.com/viewjob?jk=,"more... following languages, Java, .Net, Perl, PHP, Ruby, Python... R. · Use Deep Learning frameworks like MXNet..."
[서울지사] 데이터 분석가,네오플,서울 강남구,,https://kr.indeed.com/viewjob?jk=,"분석해보고 싶은 주제와 방법론'이 있는 분 - 수학/통계 및 알고리즘에 대한 이해 및 활용 능력 - R, Python 등 자신에게 익숙한 툴을 활용한 데이터 가공 능력 - Word, Excel, PPT 활용능력 - 우수한..."
보험 신규사업 비즈니스 분야 담당자 영입,카카오페이,성남 분당구,,https://kr.indeed.com/viewjob?jk=,"술적 지식과 설계, 구축, 운영 등 역량을 보유하신 분 - 개발언어(Shell script, JAVA, Python 등)에 대한 이해 및 코드리뷰와 관련한 역량을 보유하신 분 - ISMS-P, PCI-DSS, ISO27001..."
Business Data Analyst,Soomgo,서울 강남구,,https://kr.indeed.com/viewjob?jk=,"즈니스에 적용하고 개선한 경험 (Google Optimize, Optimizely, 등) 우대사항 • Python 또는 R 을 사용하여 데이터 분석에 활용 가능 • 경영학, 통계학, 경제학, data analysis 등..."
[Search] AI 기반 글로벌 추천 서비스/시스템 개발,네이버,서울,,https://kr.indeed.com/viewjob?jk=,"자격요건] · CS 전공자 또는 그에 상응하는 탄탄한 CS 기본기를 보유한 분 · Java, Scala, Python, C++, Go 중 1 개 이상의 언어에 자신이 있는 분 [우대사항] · 빅데이터 배치 / 실시간 처리를..."
Senior Data Scientist - AWS Professional...,Amazon Web Services Korea LLC,서울,,https://kr.indeed.com/viewjob?jk=,"track record of building ML or DL models · Experience using Python... R · Able to write production level code, which..."
8퍼센트 개발자 (신입/경력),8퍼센트,서울 종로구,,https://kr.indeed.com/viewjob?jk=,개발 금융 데이터 분석과 분석 플랫폼 운영 자격요건 컴퓨터 전공자 또는 웹 개발 경력 1년 이상 우대사항 Python 코드를 무리 없이 읽으실 수 있는 분 Linux/Mac 사용 가능한 분 새로운 기술에 대한 호기심을 가지신...
Internal Infra Engineer,Toss,서울 강남구,,https://kr.indeed.com/viewjob?jk=,분 # 우대 사항 - Nutanix/VMWare 구축 운영 경험이 있으신 분 - Powershell 또는 Python 등을 사용한 시스템 관리 자동화 경험이 있으신 분 - 100명 이상 규모의 L3/L4 네트워크 관리 또는...
데이터 분석 직군 모집,넷마블,서울 구로구,,https://kr.indeed.com/viewjob?jk=,"요건 - 관련 분야 경력 3년 이상 - 정형/비정형 데이터 분석 및 모델링 가능 - 통계 분석 도구 (R, Python, Tensorflow 등) 및 SQL 사용 가능 - 다양한 직군의 사람들과 원활한 커뮤니케이션 및 협업..."
[Autonomous Driving] Virtual Environment...,네이버,서울,,https://kr.indeed.com/viewjob?jk=,"C/C++, Software Design, Debugging Skills ㅇ 스크립트 언어 개발 경험 ( Python, Bash, etc) ㅇ Embedded Platform과 System Software 개발 경험 및 이해..."
시스템개발팀 경력사원,한화솔루션,서울 중구,,https://kr.indeed.com/viewjob?jk=,년 - 임베디드 Linux 시스템 개발 능력 보유자 - C/C++/ Python 언어 개발 능력 보유자 - IPC에 대한 높은 이해도 및 Porting... learning 개발경험 보유자 - Python (C/C++) 언어 개발...
Bigdata Engineer 신입/ 경력직,SK인포섹,성남 분당구,,https://kr.indeed.com/viewjob?jk=,"배치 서비스 운영 경험자 - Linux 시스템 사용 경험자 - 프로그램 개발 (Java, Scala, Python) 기술 보유자 ※ 모든 전형은 합격자에 한해 개별발표 진행함. 전형절차 - 경력 : 서류전형 SKCT(심층..."
카카오 네트워크 엔지니어,카카오,성남 판교역,,https://kr.indeed.com/viewjob?jk=,"있는 자신감 넘치시는 분 (기술, 응대 모든 면에서) 해외여행 결격사유 없는 분 선호 자격 bash, python 등을 이용한 인프라 관리 자동화 스크립트 가능하신 분 인프라 운영 및 관리 관련 Tool 개발/경험이 있으..."
[TmaxAI/기술] 기술지원 엔지니어,티맥스소프트,성남 분당구,,https://kr.indeed.com/viewjob?jk=,"IOS 등 다양한 OS 경험이 있으신 분 AWS, Google Cloud 등 Cloud 환경 경험자 Python/ C++/ Java 등 프로그래밍 언어 개발 역량 보유자 프로젝트 리딩 경험 보유자 모집기간 2020..."
iOS Developer,Bepro Company,서울,"연봉 40,000,000원 - 80,000,000원",https://kr.indeed.com/viewjob?jk=,참고 - React JS (Web) / Kotlin (Android) / Swift (iOS) - Python + Django - AWS lambda + API gateway - MySQL - Google Cloud...
Frontend Developer (Javascript/React),Bepro Company,서울,,https://kr.indeed.com/viewjob?jk=,참고 - React JS (Web) / Kotlin (Android) / Swift (iOS) - Python + Django - AWS lambda + API gateway - MySQL - Google Cloud...
[2020년 수도권 혁신기업 온라인 박람회](주)백스테이션,백스테이션,서울 성동구,,https://kr.indeed.com/viewjob?jk=,"및 유지보수 - API 데이터 문자열 파싱 - 데이터 수집 자동화 설계 자격요건 - Java, C/C++, Python, Rust 등을 이용한 웹 크롤러 개발 경력 - 상기 언어에 대해 최소 1년 이상 개발 경험 - 웹 서비..."
데이터 분석가 (Business Intelligence Analyst),코스닥 상장 중견 게임기업,서울 강남구,"연봉 40,000,000원 - 70,000,000원",https://kr.indeed.com/viewjob?jk=,"데이터 분석 결과를 쉽게 이해할 수 있도록 간결하고 명확한 의사전달 능력 [우대조건] * R, Python, Spark 등의 언어에 대한 이해도 * 모바일 앱SDK 연동 지원 업무 경험(Facebook, Admob..."
[Robotics] Robot Software Engineer,네이버,서울,,https://kr.indeed.com/viewjob?jk=,Robotics 혹은 Computer vision 등 유사 분야 석사/박사 학위 혹은 5년 이상의 개발 경력 ㅇ Python / Lua 등 스크립트 언어를 C/C++와 연계 활용 능숙 ㅇ Docker / Kubernetes...
Cloud Solution Engineer (Big Data & Anal...,Oracle,서울,,https://kr.indeed.com/viewjob?jk=,"Java, Node.js, Python 등 - 타 클라우드 분석 서비스... 타 클라우드 BigData 서비스에서 개발, 운영 경험 - SQL 및 Python, Scala 등 최소 1가지 사용 가능 - BI 툴 사용 경험..."
신용리스크관리 담당자 채용,케이뱅크은행,서울 중학동,,https://kr.indeed.com/viewjob?jk=,"빅데이터(비금융정보, 비정형 데이터 등) 분석 경험 우대 - 데이터 분석 역량 우대 (SAS, R, Python 등) - 금융권 신용리스크관리 업무 경력 5년 이상 우대 - 통계학, 산업공학, 컴퓨터공학 전공자 우대..."
(주)더웨이브톡 임베디드 시스템 개발 경력/병특(연장),더웨이브톡,서울 성동구,"연봉 35,000,000원 - 40,000,000원",https://kr.indeed.com/viewjob?jk=,"역량: Python, C언어, Java언어 개발 상급 우대사항: 앱/서버 외주 개발 관리 경험, IoT 디바이스 및 서버 연동 개발 경험, 임베디드 장비 로직 개발 전자·기계·기술·화학·연구개발>광학·의료장비>광학·전자장비"
Machine Learning 엔지니어 영입,카카오모빌리티,성남 분당구,,https://kr.indeed.com/viewjob?jk=,"다룰 수 있는 분 ※ 언어 : Python[필수], Scala, R 등... 터넷·IT·통신·모바일·게임>웹프로그래머> Python|인터넷·IT·통신·모바일·게임>응용프로그래머> Python|마케팅·광고·홍보·조사>조사·분석·통계..."
유저프로파일팀 - 데이터 모델러,Nexon,성남 분당구,,https://kr.indeed.com/viewjob?jk=,"데이터를 가치있게 활용할 수 있도록 가이드 합니다. - 주요 활용 tool : SQL, Zeppelin, Python, Scala, Tableau 지원자격 - (필수) 논리적이고 체계적인 문제 해결 및 커뮤니케이션 능력을..."
Analog Design Engineer(High-Speed Interf...,Synopsys,경기도 성남,,https://kr.indeed.com/viewjob?jk=,"simulation-control/data-capture. Experience with TCL, Perl, C, Python, MATLAB. Inclusion and Diversity are important to us..."
System Engineer,Toss,서울 강남구,,https://kr.indeed.com/viewjob?jk=,"# 자격 요건 - Linux 환경에서 대용량 TPS 운영 경험이 있으신 분 - 스크립트 언어(shell, python, Perl, Ruby 등)를 사용하여 인프라 운영이 가능하신 분 - HTTP, TCP/IP 프로토콜에 대한..."
[KSTEC] 통계/Analytics 경력사원,지식시스템,성남 분당구,,https://kr.indeed.com/viewjob?jk=,"개발 (SPSS, SAS, R, Python, Java 기반) 2. 기업용... 경력 3년 ~ 10년 [기술요구사항] 1. SPSS, SAS, R, Python, Java 등 데이터분석/AI개발 도구 사용 가능자 2. Java..."
쇼핑몰 운영관리 파이썬 업무자동화 신입사원,하루HaRU,인천 부평구,"월급 1,800,000원 - 2,000,000원",https://kr.indeed.com/viewjob?jk=,담당업무 당사는 인터넷 전자상거래 업체로 사세 확장으로 다음과 같은 분을 모십니다. 인터넷 쇼핑몰 관리자 python 개발자 (업무 자동화와 향후 드론 개발관련) 쇼핑몰 디자이너 상세모집요강 접수기간/방법 지원방법 전형...
[Clova] Clova 머신러닝 Scientist 개발 신입/경력사원,네이버,서울,,https://kr.indeed.com/viewjob?jk=,"관련 전공 석 / 박사 학위 보유자 또는 관련 업계 경력 보유자 - Programming Skill · Python (Tensorflow, PyTorch 등의 오픈소스 프레임워크 기반 개발 역량 ) [우대사항 ] · ML..."
Business Analyst (Search and Discovery A...,Coupang,서울,,https://kr.indeed.com/viewjob?jk=,"equivalent experience Has experience with SQL, Excel, Python, and R/SAS or any statistical package Has experience..."
"[한국인재개발원] 빅데이터, Java(자바) 직업훈련교사",JMP KOREA,서울 구로구,,https://kr.indeed.com/viewjob?jk=,허위사실이 있을 경우 채용이 취소될 수 있습니다. 인터넷·IT·통신·모바일·게임>빅데이터·AI(인공지능)> Python|인터넷·IT·통신·모바일·게임>빅데이터·AI(인공지능)>R|인터넷·IT·통신·모바일·게임>빅데이터·AI...
[Search] 글로벌 검색 서비스 개발,네이버,서울,,https://kr.indeed.com/viewjob?jk=,"HTML / CSS / JavaScript 에 능숙하신 분 - Server-Side Script 개발 ( python, bash, makefile 등 ) 에 능숙하신 분 - 웹 서비스에 대한 이해가 높고 , 개발 경험이..."
분석실 - 베이지안 분석 전문가,Nexon,성남 분당구,,https://kr.indeed.com/viewjob?jk=,"동으로부터 피드백을 받아 최적화 모델을 개선합니다. - 주요 활용 tool : SQL, zeppelin, python, tableau 지원자격 - (필수) 논리적이고 체계적인 문제 해결 및 커뮤니케이션 능력을 소유하신 분..."
Frontend Developer (Javascript/React),Bepro Company,서울,,https://kr.indeed.com/viewjob?jk=,참고 - React JS (Web) / Kotlin (Android) / Swift (iOS) - Python + Django - AWS lambda + API gateway - MySQL - Google Cloud...
(퇴직기술인력 중소기업활용) 의료용 소프트웨어 개발 경력직,아이알엠,서울 강남구,"연봉 40,000,000원 - 42,000,000원",https://kr.indeed.com/viewjob?jk=,"주요 업무: 당사에서 구축한 플랫폼 운영 및 개발 . 자격 요건: Python, Java(Spring, CXF, Maven) 개발 가능자, API... 자격 요건: ? Java, Python 개발 가능 ? HTML5, CSS..."
"드론 데이터 스타트업, 엔젤스윙 엔지니어",엔젤스윙,서울 관악구,,https://kr.indeed.com/viewjob?jk=,"Ruby on Rails, Python, C++, AWS AWS, GCP... 기반 웹서비스 개발 경험 디버깅, 최적화 스킬 Javascript, Python, C++ 등 개발언어 중 자신있는 언어가 1가지 이상 있으신 분..."
Cloud Solution Engineer (Database),Oracle,서울,,https://kr.indeed.com/viewjob?jk=,"타 오라클 제품과 오라클 데이터베이스 연동 경험 - 어플리케이션 개발 경험 : Java, Node.js, Python 등 - DB 마이그레이션 경험 - 타 클라우드 DB 서비스(AWS, Azure, GCP 등) 경험..."
ISV Cloud Architect,Oracle,서울,,https://kr.indeed.com/viewjob?jk=,"Hudson, Chef, Puppet... scripting languages ( Python, Perl, etc... used in scripting application deployments..."
MySQL Engineer,카카오,성남 판교역,,https://kr.indeed.com/viewjob?jk=,"지원자격 대용량 DBMS 운영 경험이 있는 분 (실력, 의지는 중요하나 경력'기간'은 중요하지 않음) python, go, bash 등 스크립팅 언어를 하나 이상 사용하실 수 있는 분 MySQL 에 대해 전반적으로 이해하고..."
Quantitative Developer,Terra,서울,,https://kr.indeed.com/viewjob?jk=,"터해석, 빅데이터 수치해석 퍼포먼스 최적화, 보틀넥 디텍트 및 레이턴시 최적화 자격 요건 C++, Python 등의 프로그래밍 언어 및 통계 프로그래밍(R/SAS/SPSS 또는 Mathematica/MATLAB/Maple..."
"S/W 엔지니어, C·C++ 외 신입/경력 정규직",이투비비,서울 금천구,,https://kr.indeed.com/viewjob?jk=,"자격요건 담당업무 자격요건 인원 [담당업무] 프로그래밍 개발 (C++, Python...) [근무부서 및 직급/직책] 근무부서: 소프트웨어 개발 직급... 그래머>C·C++|인터넷·IT·통신·모바일·게임>응용프로그래머> Python"
[경력] 데브옵스개발 담당자,다나와,서울 양천구,,https://kr.indeed.com/viewjob?jk=,"경력 1~7년 - Java, Python에 대한 이해보유자 - Spring... 모바일·게임>응용프로그래머> Python|인터넷·IT·통신·모바일·게임>웹프로그래머>JAVA|인터넷·IT·통신·모바일·게임>웹프로그래머> Python"
Front-end Developer,"Miso, inc",서울,,https://kr.indeed.com/viewjob?jk=,"CSS, HTML에 대한 이해가 깊은 분 Golang, Node.js, Python, or Ruby 중 프로그래밍 언어 사용 가능하신 분 새로운 기술... Data Science: Go, Python Collaboration..."
DX혁신부문 Tech Lab Senior Machine Learning...,이투스교육,서울 강남구,,https://kr.indeed.com/viewjob?jk=,"분 - 일반적인 백엔드 시스템 설계 및 개발 - ML/AI 시스템 아키텍쳐 설계 경험 - Python, scala, R 등 ML 및 통계 관련 언어 사용 경험 - 머신러닝 프레임워크 경험자 (TensorFlow..."
"NAVER, LINE 서비스 플랫폼 운영",NIT Service,성남 삼평동,,https://kr.indeed.com/viewjob?jk=,"네이버/라인 서비스 플랫폼운영이란, 국내 및 해외를 포함하여 글로벌하게 제공되는 네이버/라인 서비스인 V앱, 파파고, 네이버클라우드플랫폼, 웨일, 네이버메인, 메일, 카페, 블로그, N드라이브, 폴라, 라인/라인플레이 등의..."
추천 시스템 연구/개발,카카오,성남 판교역,,https://kr.indeed.com/viewjob?jk=,"지원자격 개발 경력 3년 이상 적어도 하나 이상의 능숙한 프로그래밍 언어가 있으신 분 우대사항 Python, C++, GPU 프로그래밍 숙련자 TensorFlow, PyTorch, implicit 등 머신러닝/추천..."
DB 엔지니어 모집(DBA),넷마블,서울 구로구,,https://kr.indeed.com/viewjob?jk=,"및 튜닝 경력 3년 이상 보유자 - OS(Windows, Linux) 에 대한 기본 지식 보유자 - 쉘, Python 스크립트 개발 가능자 - 협업 및 커뮤니케이션이 원활하진 분 우대사항 - 온라인 게임 데이터베이스 운영..."
챗봇 플랫폼 개발자,카카오,성남 판교역,,https://kr.indeed.com/viewjob?jk=,"서비스에 대한 두려움이 없으신 분 서버 개발 Java, Scala, Kotlin 등의 JVM 기반 언어 및 Python을 이용해서 실서비스 개발 및 운영해보신 분 데이터 엔지니어 Kafka, Elasticsearch..."
ERP 담당자 모집,넷마블,서울 구로구,,https://kr.indeed.com/viewjob?jk=,"기반 ERP Web Portal 시스템개발/운영 경력 3~9년 보유자 - Spring (혹은 .NET, Python 등) 프로그래밍 가능자 - 시스템 분석/설계 가능자 - 재무/회계 기본 지식 보유자 우대사항 - IT 프로젝..."
Server Engineering Manager,레이니스트,서울,,https://kr.indeed.com/viewjob?jk=,"8년 이상 서버 엔지니어링 경험 보유 1년 이상 팀 매니징 경험 보유 Golang/Java(Kotlin)/ Python 중 하나 이상에 전문성을 보유, 고도화된 서비스 설계 및 개발 경험 보유 다양한 도구 및 툴을 활용하여..."
데이터플랫폼 개발자 모집,넷마블,서울 구로구,,https://kr.indeed.com/viewjob?jk=,웨어 API 서버 개발/운영 - 스케쥴에 의한 Batch 작업 스크립트 개발/운영 자격요건 - Java/ Python 중 1개 이상 프로그래밍 경력 3년 이상 - Unix 운영체제 기초 지식 및 Shell 개발 경험 3년...
[공통기술부문] 클라우드 엔지니어 경력직,우아한 형제들,서울 송파구,,https://kr.indeed.com/viewjob?jk=,"하나 이상의 퍼블릭 클라우드 아키텍처 구성 및 운영 경험이 있으신 분 - Linux 명령 및 Shell, Python 등 스크립트 개발에 익숙하신 분 - Terraform, CloudFormation 등 IaC 구축 및 운영..."
파이썬 웹 서버 개발자 모집,엔씨소프트,성남 판교역,,https://kr.indeed.com/viewjob?jk=,"백엔드 시스템 개발 경력 5년 이상자 - HTTP / REST / API 설계에 대한 이해와 구현 경험 - Python Django, Flask, Channels 사용 경험자 - 분산 환경 서비스 설계 및 개발 경혐이 있으신..."
웹프론트엔드 개발자,Nexon,성남 분당구,,https://kr.indeed.com/viewjob?jk=,"능한 분 - 다양한 분야의 사람과의 협업 능력이 원활하신 분 우대사항 - Spring, Node.js, Python 등 한 가지 이상의 백엔드 기술에 대한 이해 - TypeScript 경험자 우대 - 프로젝트 설정부터..."
프로그램 개발자,지오로그,안양 동안구,"연봉 30,000,000원 - 32,000,000원",https://kr.indeed.com/viewjob?jk=,"학력 - 성별 무관 기타 담당업무 GIS를 이용한 프로그램 개발 및 유지보수 QGIS, PostgreSQL, Python, Java 상세모집요강 접수기간/방법 지원방법 전형절차 및 제출서류 제출서류 이력서에 응시분야..."
데이터 사이언티스트 지향하는 데이터 엔지니어,카카오,성남 판교역,,https://kr.indeed.com/viewjob?jk=,"Spark 등 빅데이터 분석 플랫폼을 사용하여 대용량 데이터의 수집,가공이 가능한 분 프로그램 개발(Java, python 등) 기술을 보유하신 분 어떤 일이라도 중요하게 여기며 책임감 있게 진행할 수 있으신 분 자신의 생각..."
[수시] ZUM 데이터 엔지니어 (경력),이스트소프트,서울 서초구,,https://kr.indeed.com/viewjob?jk=,"의사결정 및 협업부서 업무 지원 *자격조건... 경력 : 2년 ~ 6년 - Java, Scala, Python, Shell 등에 대해 능숙하게 다룰 수 있는 언어 2개 이상 보유자 - 데이터베이스에 대한 이해 및..."
"Principal, Supply Chain Management(Inven...",Coupang,서울,,https://kr.indeed.com/viewjob?jk=,"세스/시스템 개선 리드 자격 요건: 물류/SCM, 엔지니어링 분야 학사 이상 데이터 분석역량(SQL, Python, R 등) 8년 이상 SCM/물류 관련 분야 경력 프로세스 개선/생산성 개선관련 프로젝트 리드경험 및 개선..."
[LINE BIZ PLUS] FDS 서버 개발,라인비즈플러스,성남 분당구,,https://kr.indeed.com/viewjob?jk=,"개발 경험 - java, python 중 하나 이상 언어에 익숙한 자... 모바일·게임>응용프로그래머> Python|인터넷·IT·통신·모바일·게임>웹프로그래머>JAVA|인터넷·IT·통신·모바일·게임>웹프로그래머> Python"
백엔드 개발자 (경력),크로스앵글,서울 반포동,,https://kr.indeed.com/viewjob?jk=,"데이터 관리 (Auth0) - 블록체인 지갑 인증 (Ethereum, EOS) [자격요건] - 백엔드 & Python 실무 개발경험 3년 이상 혹은 그에 준하는 능력을 갖고 있으신 분 - 새로운 기술에 대해 호기심을 갖고..."
데스크탑 가상화(VDI) 엔지니어,카카오,성남 판교역,,https://kr.indeed.com/viewjob?jk=,"기본적 이해 리눅스 시스템에 대한 기본적 이해 우대사항 시스템 엔지니어 경력자 Powershell, Python, Shell 스크립트를 이용한 인프라 관리 자동화 경험자 부드러운 커뮤니케이션, 친절한 마인드의 소유자..."
[Search] 음악 추천 AI 기술 개발 신입/경력사원,네이버,서울,,https://kr.indeed.com/viewjob?jk=,"개발 (REST API/Kafka 스트림 처리 ) 분야에 대한 경험이 풍부하신 분 우대 · C, Java, Python, Scala 등 하나 이상의 언어에 능숙 하신 분 · 위 채용분야 관련 2 년 이상 실무 경험 또는 대학..."
Credit Risk 모델러,Toss,서울 강남구,,https://kr.indeed.com/viewjob?jk=,"에 대한 폭넓은 이해와 분석적 능력을 보유하신 분 - SAS, SQL, KnowlegeSEEKER, Python, R 등 Tool사용 가능하신 분 - 원활한 커뮤니케이션 가능하신 분 # 우대 사항 - 바젤 및 IFRS9관련..."
데이터 분석가 (Business Intelligence Analyst),코스닥 상장 중견 게임기업,서울 강남구,"연봉 40,000,000원 - 70,000,000원",https://kr.indeed.com/viewjob?jk=,"데이터 분석 결과를 쉽게 이해할 수 있도록 간결하고 명확한 의사전달 능력 [우대조건] * R, Python, Spark 등의 언어에 대한 이해도 * 모바일 앱SDK 연동 지원 업무 경험(Facebook, Admob..."
웹 서비스 백엔드(Back-end) 시니어 개발자,스탠드포인트,서울 금천구,,https://kr.indeed.com/viewjob?jk=,이상 ) 학력사항: 대학교(4년)졸업 이상 PHP / JAVA / Python 언어 중 한가지 이상의 언어를 능숙히 사용하시는 분 AWS(Amazon... Laravel(PHP7+) / Python / Linux / MySQL...
SITE RELIABILITY ENGINEER,"ODK Media, Inc.",서울 강남구,,https://kr.indeed.com/viewjob?jk=,web service works both Frontend and Backend side. Especially in Python/Django. Contribution to Open Source projects Fluency...
[스타트업] 태스크마켓 (경력/신입),플레이미션,서울 강남구,,https://kr.indeed.com/viewjob?jk=,재무·회계·경리>경리>경리|인터넷·IT·통신·모바일·게임>웹프로그래머> Python|디자인>광고·CG·시각디자인>일러스트레이터|경영·인사·총무·사무>인사·채용·인재개발(HRM·HRD)>인사기획|경영·인사·총무·사무>인사·채용...
[Search] NAVER Search 이미지 검색서버개발 신입/경력사원,네이버,서울,,https://kr.indeed.com/viewjob?jk=,Linux 환경에서의 개발 - C/C++ 중급 이상의 개발자(팀 메인 개발 언어) - shell script/ python 개발 경험자 - 신입~5년차 [우대사항 ] - c++ 14 이상 feature 이해 및 사용자...
Backend Developer,Calm Island,서울,,https://kr.indeed.com/viewjob?jk=,CI / CD 파이프 라인 경험 VPC 대한 기본 이해 우대사항 Python / Java 경험 Docker / Kubernetes 경험 AWS... Experience with Python or Java Experience...
[KSTEC] RPA 시스템 개발 경력사원,지식시스템,성남 분당구,,https://kr.indeed.com/viewjob?jk=,통신·모바일·게임>웹프로그래머>JAVA|인터넷·IT·통신·모바일·게임>웹프로그래머>.NET|인터넷·IT·통신·모바일·게임>웹프로그래머> Python|인터넷·IT·통신·모바일·게임>웹프로그래머>HTML·DHTML·mHTML
Frontend Developer (Javascript/React),Bepro Company,서울,,https://kr.indeed.com/viewjob?jk=,참고 - React JS (Web) / Kotlin (Android) / Swift (iOS) - Python + Django - AWS lambda + API gateway - MySQL - Google Cloud...
(주)이랜서 웹 개발자 인재 초대 (정규직/본사근무),이랜서,서울 강남구,,https://kr.indeed.com/viewjob?jk=,"HTML5 / CSS3)가능 - 커뮤니케이션 우수자 우대조건 - Python 가능자 - Java기반 웹 기술 보유(Spring, JSP등) - iOS... 통신·모바일·게임>웹프로그래머> Python|인터넷·IT·통신·모바일·게임..."
마케팅 데이터 엔지니어 모집,넷마블,서울 구로구,,https://kr.indeed.com/viewjob?jk=,"비스 개발 및 운영 - 마케팅 도메인 지식을 바탕으로, 사내 마케팅 업무 지원 자격요건 - Java 또는 Python 개발 경력 3년 이상인 분 - 새로운 개발언어, 플랫폼 학습을 빠르게 습득 및 활용 가능한 분 - 대용량..."
iOS Developer,Bepro Company,서울,"연봉 40,000,000원 - 80,000,000원",https://kr.indeed.com/viewjob?jk=,참고 - React JS (Web) / Kotlin (Android) / Swift (iOS) - Python + Django - AWS lambda + API gateway - MySQL - Google Cloud...
(Social & O2O) Frontend Web,에이치에너지,서울 강남구,,https://kr.indeed.com/viewjob?jk=,접수양식: 인크루트 이력서 기타 유의사항 입사지원서 및 제출서류에 허위사실이 있을 경우 채용이 취소될 수 있습니다. 인터넷·IT·통신·모바일·게임>웹프로그래머>프론트엔드|인터넷·IT·통신·모바일·게임>웹프로그래머> Python
"Specialist Solutions Architect III, AI/M...",Amazon Web Services Korea LLC,서울,,https://kr.indeed.com/viewjob?jk=,"Spark and Hadoop. · Experienced in data processing with Python, R & SQL. · Experience with AWS services related to AI/ML..."
SAP Architect,Amazon Web Services Korea LLC,서울,,https://kr.indeed.com/viewjob?jk=,"Scripting experience with tools... Powershell, Python, Bash, Ruby, Perl, etc. · Experience with Unix/Linux and Windows..."
[Robotics] Deep Reinforcement Learning E...,네이버,서울,,https://kr.indeed.com/viewjob?jk=,"learning framework 활용 능숙 ㅇ ROS, ROS2 와 같은 로봇 미들웨어 활용 개발 경험 ㅇ Python 언어 활용 능숙 ㅇ Unity3D, UnrealEngine4 등 3D 엔진 기반 개발 경험 혹은 여타..."
TOAST CAM 임베디드 개발,NHN,성남 판교역,,https://kr.indeed.com/viewjob?jk=,"또는 석사 학위 또는 그에 준하는 실무 경험자 (신입 지원가능) - 임베디드 환경에서 영상 처리 경험자 - Python, C++ 개발 경험 - 딥러닝 프레임워크, 컴퓨터 비젼 경험자 - Visual Object..."
링크샵스 플랫폼 개발 및 유지보수 담당,링크샵스,서울 중구,,https://kr.indeed.com/viewjob?jk=,"알고리즘 모델링 및 적용 경험 [우대사항] • 인공지능, 머신러닝(기계학습), 빅데이터 관련 석사 우대 • Python, Tensorflow, Keras 경험자 우대 • 대용량 서비스 및 데이터 처리 경험자 우대 • 이미치..."
리눅스 엔지니어 경력직,와이엘아이티,서울 구로구,"연봉 30,000,000원 - 32,000,000원",https://kr.indeed.com/viewjob?jk=,"Kubernetes) 기반 Private Cloud 구축 및 운영 [우대조건] 스크립팅 능력(bash, perl, python, ansible) 관련 자격증 보유자 - 자격증 : 정보처리기사, 리눅스마스터 1급, RHCSA..."
Database Engineer,myrealtrip,서울,,https://kr.indeed.com/viewjob?jk=,"com/myrealtrip-product) [우대사항] 프로그래밍 및 스크립트 스킬 (bash, Python, Java, Go 선호) 다양한 종류의 데이터베이스 경험 ( MySQL, PostgreSQL, Redshift..."
매칭팀 - 데이터분석가,Nexon,성남 분당구,,https://kr.indeed.com/viewjob?jk=,및 대시보드 설계 지원자격 - (필수) 데이터 정제 및 머신러닝 기법 적용에 필요한 프로그래밍 능력 (R or Python) - (필수) SQL 기본 활용 능력 - (선택) Spark를 활용한 데이터 처리 및 분석 능력...
Data Engineer,하이퍼커넥트,서울,,https://kr.indeed.com/viewjob?jk=,"및 Data Pipeline 설계, 운영, Troubleshooting 경험 혹은 그에 상응하는 업무 능력 Python 혹은 Scala, SQL 실무 경험 담당 업무에 강한 오너십, 추진력 있는 리더십, 문제 해결을 위한..."
[경력] 데이터 아키텍트(DA),현대엠엔소프트,서울 용산구,,https://kr.indeed.com/viewjob?jk=,"Server, PostgreSQL [우대 역량 및 경험] - R, Python, 머신러닝 ,딥러닝 등 통계/분석 역량 - 데이터 분석 경험 - 빅데이... 게임>빅데이터·AI(인공지능)> Python|인터넷·IT·통신·모바일·게임..."
[Search] 클라우드 컴퓨팅 플랫폼 BE 개발 신입/경력사원,네이버,서울,,https://kr.indeed.com/viewjob?jk=,위한 기술 제안 [자격요건] · CS 관련 탄탄한 기본기를 바탕으로 습득이 빠르신 분 · Java / Python / C / C++ 중 1 개 이상의 언어로 개발 가능 · 리눅스 환경에서의 개발 경험 · 우수한 문제 분석...
Data Scientist,Soomgo,서울 강남구,,https://kr.indeed.com/viewjob?jk=,년 이상 경력자 • Stakeholder와의 원활한 커뮤니케이션 능력 • SQL 능숙하게 활용 가능한 분 • Python을 활용한 수학적 통계 분석 및 모델링 가능한 분 • 다양한 머신러닝 알고리즘을 적재적소에 활용해본 경험...
[공덕동] 백엔드 개발자,캐시멜로,서울 공덕동,"연봉 22,000,000원",https://kr.indeed.com/viewjob?jk=,및 셋업 경험자 - DevOps 환경 구축 경험자 - Shell script 활용 가능자 - 머신러닝 또는 Python 통계 프로그래밍 경험자 - AWS / KT Cloud 등 cloud 활용 경험자 [자격요건] - 경력 2...
Cloud Support Eng. II (Net),Amazon Web Services Korea LLC,서울,,https://kr.indeed.com/viewjob?jk=,"Some programming / scripting experience (Java, Perl, Ruby, Python) · Experience managing full application stacks from the OS..."
딥러닝 알고리즘 및 응용 Engineer,딥엑스,성남 분당구,"연봉 40,000,000원 - 99,990,000원",https://kr.indeed.com/viewjob?jk=,게임>빅데이터·AI(인공지능)>tensorflow|인터넷·IT·통신·모바일·게임>빅데이터·AI(인공지능)> Python|인터넷·IT·통신·모바일·게임>빅데이터·AI(인공지능)>머신러닝|인터넷·IT·통신·모바일·게임>응용프로그래...
[스타트업] 공동구매 플랫폼 (경력/신입),플레이미션,서울 강남구,,https://kr.indeed.com/viewjob?jk=,입력|재무·회계·경리>경리>급여관리|재무·회계·경리>경리>결산|인터넷·IT·통신·모바일·게임>웹프로그래머> Python|인터넷·IT·통신·모바일·게임>웹프로그래머>프론트엔드|디자인>광고·CG·시각디자인>일러스트레이터|경영·인사...
네이버웹툰(주) 빅데이터 플랫폼 개발자(경력) (상시),네이버,서울,,https://kr.indeed.com/viewjob?jk=,"대용량 데이터 설계에 대한 기본 지식과 모델링 경험이 있으신 분 - Java / Javascript / Python 개발경험과 프로그래밍 기본 지식을 가지신 분 - API 서버, 웹서버 개발과 유지보수 경험이 있으신 분..."
[KSTEC] 2020년 경력 사원 (SW개발자),지식시스템,성남 분당구,,https://kr.indeed.com/viewjob?jk=,"개발 (SPSS, SAS, R, Python, Java 기반) 2. 기업용... 경력 3년 ~ 10년 [기술요구사항] 1. SPSS, SAS, R, Python, Java 등 데이터분석/AI개발 도구 사용 가능자 2. Java..."
[경력] 음성인식 엔진 개발,현대엠엔소프트,서울 용산구,,https://kr.indeed.com/viewjob?jk=,Linux - 개발언어 : C/C++ 또는 Java [우대 역량] - Python 개발 가능 - 음성인식 개발 경험 보유 - 머신러닝 관련 이해/경험... 게임>빅데이터·AI(인공지능)> Python|인터넷·IT·통신·모바일·게임...
[공통기술부문] 침해대응 및 보안위협 분석 담당자,우아한 형제들,서울 송파구,,https://kr.indeed.com/viewjob?jk=,"분 - 공격 벡터, 위협 전술 및 공격 기술에 대한 지식이 있는 분 - 스크립트 언어(java script, python, perl)를 이용한 보안 이벤트 분석 자동화가 가능한 분 [꼭 읽어 주세요!] - 지원 시 경력..."
[Clova] AI Platform Ecosystem 개발자 신입/경력사...,네이버,서울,,https://kr.indeed.com/viewjob?jk=,"문제 분석 및 해결 능력이 뛰어나신 분 - 기술 습득이 빠르고 새로운 분야에 적응할 수 있는 분 - Python, Go, C++ 등 하나 이상의 언어에 능숙하신 분 ﻿ [우대사항] - Angular, Typescript..."
모바일 앱 보안 솔루션 개발부문,스틸리언,서울 용산구,,https://kr.indeed.com/viewjob?jk=,"Android/iOS 모바일 앱 보안 제품입니다. - 앱수트는 C, Python 등을 통해 주로 개발합니다. - 앱수트 제품군에는 위변조 방지, 난독... 2) - Objective C, Python, C언어, Swift 개발..."
Senior Data Scientist - AWS Professional...,Amazon Web Services Korea LLC,서울,,https://kr.indeed.com/viewjob?jk=,"track record of building ML or DL models · Experience using Python... R · Able to write production level code, which..."
Chief Technology Officer,Asiance,서울,,https://kr.indeed.com/viewjob?jk=,"mainly. • 배포는 주로 Docker 사용. • Python, Node.js, Java, PHP for backend development. • Python, Node.js, Java, PHP 등을 사용하여 백엔드 개발..."
[공통기술부문] 클라우드플랫폼 개발자,우아한 형제들,서울 송파구,,https://kr.indeed.com/viewjob?jk=,"개발 경험이 있으신 분 - Java, Kotlin, Javascript, Typescript, Golang, Python 중 1개 이상의 언어에 능숙하신 분 - 우아한형제들의 개발 문화에 동의하시는 분 1) 우리는 우아하기..."
Web 개발(이커머스 파트)_PHP/CodeIgniter/Javascri...,버드뷰,서울 마포구,,https://kr.indeed.com/viewjob?jk=,익숙하신 분 개발 환경 - Mysql - PHP / CodeIgniter - Javascript - Python / Django - Git / Github / Git flow 업무 역량 (1) 문제인식 주어진 상황이나...
외국계 한국법인 백엔드 경력 사원,엘마르코리아,서울,,https://kr.indeed.com/viewjob?jk=,JAVA|인터넷·IT·통신·모바일·게임>웹프로그래머>백엔드|인터넷·IT·통신·모바일·게임>웹프로그래머> Python|인터넷·IT·통신·모바일·게임>응용프로그래머>API|인터넷·IT·통신·모바일·게임>응용프로그래머> Python
대기업(연구소) AI 플랫폼연구 석사이상,금융대기업(연구센터),서울,,https://kr.indeed.com/viewjob?jk=,Scientific process 에 대한 이해 및 경험 - 기계학습 알고리즘 구현 또는 활용 경험 - R/ python/scala/java/javascript/typescript 중급 이상(택1) - Hadoop...
검색서비스 서버 개발 신입/경력,포티투마루,서울 관악구,,https://kr.indeed.com/viewjob?jk=,"성별 : 무관 - 모집인원 : 0명 [기술 지원자격] - Linux 환경 개발 경력 - C/Java/ Python 개발 경력 - 서버 개발/운영 경력 [우대사항] - 자연어처리, 정보검색, 기계학습, 데이터 마이닝..."
DRE - Build Engineer,Success Korea,서울,,https://kr.indeed.com/viewjob?jk=,OO programming language · Experience with Python or related scripting language... Experience with Python or related...
"데이터 가치 함께 발굴하실 머신러닝, 통계 모델링 전문가",카카오,성남 판교역,,https://kr.indeed.com/viewjob?jk=,해당 기술에 자신감이 있으신 분도 환영합니다. 지원자격 머신 러닝/통계 등 모델링에 활용하는 언어( Python/Scala/R 등) 및 도구(Tensor flow/Pytorch 등)를 하나 이상 능숙하게 다룰 수 있으신...
추천 통계분석/데이터사이언티스트,카카오,성남 판교역,,https://kr.indeed.com/viewjob?jk=,기능 기계학습 모델링 지원자격 개발 경력 3년 이상 숙련된 데이터분석 능력 데이터 사이언스를 위한 언어( Python/R) 를 하나 이상 능숙하게 다룰 수 있으신 분 분석 결과를 설득력있게 전달할 수 있는 분 우대사항...
[던전앤파이터] 2D/3D 그래픽 기술개발 부문 TA,네오플,서울 강남구,,https://kr.indeed.com/viewjob?jk=,자격 - 3D 아트 경력 5년 이상 - 언리얼 엔진에 대한 높은 이해도를 갖추신 분 - MaxScript나 Python 을 활용한 Tool개발 능력이 있으신 분 - Material과 Lighting 등 리얼타임 렌더링에 대한...
"IOT하드웨어 경력 / 유망 IOT, 학습용 로봇회사",타겟컨설팅,서울 강남구,,https://kr.indeed.com/viewjob?jk=,"Fi, Bluetooth) 개발 경험 • Cortex 등 MCU Firmware 개발 경험 • C/C++/ Python 프로그램 개발 경험 0 명 근무조건 고용형태: 정규직 근무부서: HW팀 급여조건: 연봉 협의 후 결정 전형..."
[AI Service] 서버 개발자 채용,엔씨소프트,성남 판교역,,https://kr.indeed.com/viewjob?jk=,"4년 이상의 서버 개발 또는 시스템 개발 경력 (필수) - REST API 설계 및 개발 - Java나 Python 등 하나 이상의 프로그래밍 언어에 대한 깊이 있는 이해 - MySQL(Maria DB), SQL Server..."
Java Backend Software Engineer,하이퍼커넥트,서울,,https://kr.indeed.com/viewjob?jk=,"개발 또는 DBMS 운영 경험이 있으신 분 AWS 등 클라우드 환경에서의 개발 또는 운영 경험이 있으신 분 Python 사용 경험이 있으신 분 Ansible, Salt, Chef, Puppet, Fabric 등의 DevOps..."
MongoDB Engineer,카카오,성남 판교역,,https://kr.indeed.com/viewjob?jk=,수 있는 분 Linux/Network에 대한 기초 지식이 있는 분 우대 사항 C/C++ 또는 Python 언어를 이용한 프로그램 개발(프로젝트) 경험이 있는 분 MongoDB 트러블 슈팅 경험이 있는 분 MongoDB...
주요정보통신기반시설 취약점진단분석평가 전문가(경력),한국정보기술단,과천 과천시,,https://kr.indeed.com/viewjob?jk=,"자격요건] - 3년 이상 취약점분석평가 업무 경험자 - Shell, batch, Excel, VBA, Python 프로그램 개발 가능자 - 분석평가보고서, 제안서 작성 숙달자 - 기반보호법, 정보통신망법, 개인정보보호법 숙지..."
콘텐츠서비스개발팀 - 데이터분석가,Nexon,성남 분당구,,https://kr.indeed.com/viewjob?jk=,"적인 문제 해결 및 커뮤니케이션 능력 - 새로운 기술 습득에 능동적이고 거부감이 없는 분 우대사항 - Python , Scala 을 이용한 데이터분석 능력 - SQL 기본 활용 능력 - 통계 및 분석에 대한 이론 지식..."
"모바일 앱 서버 개발(Java, Python)",휴먼디지털,서울,,https://kr.indeed.com/viewjob?jk=,"Python) 자격조건 - 정보시스템 설계 및 데이터 마이닝용 시스템 설계. - 모바일 앱 서비스용 서버 API 설계 및 개발. - 주소록 동기화, Confirmed Push 경험 하신 분 우대. - 자바, Python..."
데이터 분석가 / Business Analyst,Bagelcode,서울,,https://kr.indeed.com/viewjob?jk=,중독자 [우대 사항] - Tableau 등 시각화 툴을 활용한 대시보드 설계 및 운영 경험 - SQL / Python / R 등 데이터 분석 업무를 수행할 수 있는 하나 이상의 개발 언어 유경험자 - 비즈니스 레벨 이상의...
웹프로그래머 (FrontEnd) 기업부설연구소 연구원 #python #j...,넥스텝코리아,서울 용산구,"연봉 30,000,000원",https://kr.indeed.com/viewjob?jk=,모집직종 웹 개발자(웹 엔지니어·웹 프로그래머) 모집인원 2명 학력 대학_대학교 전공 고용형태 상용직 근무예정지 서울특별시 용산구 효창원로55길 현양빌딩 3층 인근지하철 직무내용 #회사소개 당사는 2001년 설립된 20년차...
"인공지능(AI), 딥러닝 경력 정규직",스칼라웍스,서울 금천구,,https://kr.indeed.com/viewjob?jk=,"전공하거나 학술적으로 이해하고 있으며 Data Analysis 및 DNN Design 가능한 인재 1) Python을 활용한 DNN Application 개발 능력 필수 2) C++, OpenCV 및 R 실무 경력자 우대 3..."
[홈쇼핑모아] 검색 개발팀 / 백엔드 엔지니어,버즈니,서울,,https://kr.indeed.com/viewjob?jk=,API 개발 홈쇼핑모아 서버 인프라 스트럭처 이런 분을 찾습니다 관련 업무 경력 최소 3년 이상 있으신 분 Python 및 기반 프레임워크 개발 경험이 있으신 분 Docker(Contatiner) 기반 시스템 환경 구축 경험...
데이터 분석가 (Business Intelligence Analyst),코스닥 상장 중견 게임기업,서울 강남구,"연봉 40,000,000원 - 70,000,000원",https://kr.indeed.com/viewjob?jk=,"데이터 분석 결과를 쉽게 이해할 수 있도록 간결하고 명확한 의사전달 능력 [우대조건] * R, Python, Spark 등의 언어에 대한 이해도 * 모바일 앱SDK 연동 지원 업무 경험(Facebook, Admob..."
Data Analyst Lead,Toss,서울 강남구,,https://kr.indeed.com/viewjob?jk=,"있는 분 - 통계학 및 예측 모델링 관련 석/박사 학위 소지하신 분 혹은 경험이 풍부하신 분 - Python, R, Spark 등 언어 및 데이터 프로세싱 프레임워크에 대한 이해도가 높은 분 - Data Warehouse..."
[기술플랫폼실] 정보보호 담당자 영입,카카오페이,성남 분당구,,https://kr.indeed.com/viewjob?jk=,"술적 지식과 설계, 구축, 운영 등 역량을 보유하신 분 - 개발언어(Shell script, JAVA, Python 등)에 대한 이해 및 코드리뷰와 관련한 역량을 보유하신 분 - ISMS-P, PCI-DSS, ISO27001..."
데이터 분석가,카카오,성남 판교역,,https://kr.indeed.com/viewjob?jk=,"이터 분석 지원자격 데이터 분석 업무를 수행할 수 있는 하나 이상의 언어 스킬 필수 (예. SQL, Python, R 등) 데이터 기반 프로젝트 경험이 있으신 분 (예: 통계 분석 프로젝트) 어떤 일이라도 중요하게 여기..."
Senior Full-stack Developer,Asiance,서울,,https://kr.indeed.com/viewjob?jk=,"React 혹은 WordPress 등의 CMS도 사용. • Python, Node.js, Java, PHP for backend development. • Python, Node.js, Java, PHP 등을 사용하여 백엔드..."
[홈쇼핑모아] 개발팀 / 데이터 엔지니어,버즈니,서울,,https://kr.indeed.com/viewjob?jk=,개발 사내 데이터 분석 도구 개발 및 유지보수 이런 분을 찾습니다 관련 업무 경력 최소 3년 이상 있으신 분 Python 및 기반 데이터 플랫폼 개발 경험이 있으신 분 Docker(Contatiner) 기반 시스템 환경 구축...
[포티투마루] 전문연구요원 병역특례 인공지능 개발자,포티투마루,서울 관악구,,https://kr.indeed.com/viewjob?jk=,인터넷·IT·통신·모바일·게임>응용프로그래머>머신러닝(ML)|인터넷·IT·통신·모바일·게임>응용프로그래머> Python|인터넷·IT·통신·모바일·게임>웹프로그래머>백엔드|인터넷·IT·통신·모바일·게임>웹프로그래머>프론트엔드...
Frontend Developer (Javascript/React),Bepro Company,서울,,https://kr.indeed.com/viewjob?jk=,참고 - React JS (Web) / Kotlin (Android) / Swift (iOS) - Python + Django - AWS lambda + API gateway - MySQL - Google Cloud...
SOFTWARE ENGINEER - BACKEND,"ODK Media, Inc.",서울 강남구,,https://kr.indeed.com/viewjob?jk=,"Python, Django, REST, Go PostgreSQL, MySQL, Redis AWS, Kubernetes, CDN Qualifications Minimum Available development Python..."
Python Programmer,Mofac,서울 서초구,,https://kr.indeed.com/viewjob?jk=,개발 – JAVA 프로그래밍(라이브러리 활용) – Spring 프레임 워크 개발 – Python API 프로그래밍 우대사항 – Python 개발 경험 – Open Source 라이브러리 개발경험 – Web 표준에 대한 경험...
Data Engineer,Calm Island,서울,,https://kr.indeed.com/viewjob?jk=,Node.js / Typescript / Javascript 경험 Python 경험 Memcached 경험 Ci / CD 파이프라인 경험 영어 커뮤니... Experience with Python Experience...
[홈쇼핑모아] 개발팀 / 백엔드 엔지니어,버즈니,서울,,https://kr.indeed.com/viewjob?jk=,API 개발 홈쇼핑모아 서버 인프라 스트럭처 이런 분을 찾습니다 관련 업무 경력 최소 3년 이상 있으신 분 Python 및 기반 프레임워크 개발 경험이 있으신 분 Docker(Contatiner) 기반 시스템 환경 구축 경험...
[Search] 글로벌 콘텐츠 검색/ AI 기술 개발 신입/경력사원,네이버,서울,,https://kr.indeed.com/viewjob?jk=,"대규모 로그 분석 및 관련 시스템 운영 · 콘텐츠 검색 서비스 개발 및 운영 필요역량 · C, Java, Python 등의 프로그래밍 언어 중 1 개 이상 자유자재로 다루시는 분 · Linux/Shell 및 Git 환경에..."
위시켓과 함께할 서버개발자님,위시켓,서울 강남구,,https://kr.indeed.com/viewjob?jk=,"를 활용한 정적 페이지 연계 - Docker, Jenkins 등을 활용한 CI/CD 개선 자격조건 - Python 기반의 프레임워크를 이용한 웹서비스 구축 또는 운영 경험 - Django 기반의 웹 서비스 구축 또는 운영..."
플랫폼 채팅모듈 개발자,Nexon,성남 분당구,,https://kr.indeed.com/viewjob?jk=,"대사항 - 대규모 동시 접속 및 고용량 데이터 처리 경험 - Unix/Linux 시스템에 대한 이해 - Python, Java, Event-Driven Framework에 대한 이해 - TCP/IP와 네트워크 프로그래밍..."
"데이터분석, 데이터분석 외 경력 정규직",제나 (ZENA Inc.),서울 성동구,,https://kr.indeed.com/viewjob?jk=,"ㆍIRB(생명윤리위원회) 연구 심의신청 및 관리 유경험자 우대 ㆍR, Python, SQL 등 데이터 분석 도구 활용 가능자 우대 00 명 근무조건... 게임>빅데이터·AI(인공지능)> Python|인터넷·IT·통신·모바일·게임..."
"Solutions Architect, Manufacturing Speci...",Amazon Web Services Korea LLC,서울,,https://kr.indeed.com/viewjob?jk=,"getting hands dirty with code/scripting (e.g., Java, Python, C# / .NET, Node.js). · Business level English for both written..."
Cloud Support Eng. II (SCD),Amazon Web Services Korea LLC,서울,,https://kr.indeed.com/viewjob?jk=,"mail services and SMTP · Experience with scripting (i.e. Bash, Python, PowerShell etc.) · Good understanding of networking..."
Data Engineer,레이니스트,서울,,https://kr.indeed.com/viewjob?jk=,"이상 Data Collection, Data Pipeline, Data Warehouse 구축 경험 보유 Python / Java(Scala) 를 이용하여 데이터 처리 개발 가능 AWS, GCP 중 하나 이상의 클라우드 환경..."
"대형 저축은행, Data Science, ICT 기획 및 개발(뱅킹시스템...",주식회사 코어포인트,서울 구로구,"연봉 40,000,000원 - 60,000,000원",https://kr.indeed.com/viewjob?jk=,"평가시스템 나. 요구역량/우대사항 - 필수사항 : 담당업무 관련 경력 3년 이상, 30대 초/중반 - R, Python, Excel 활용 가능자 - 해당 본부는 소비자금융본부임 2. ICT 기획팀 담당(대리/계장) 채용..."
"프로그래머 _딥러닝,텐서플로우,어플리케이션,웹프로그램,응용프로그램",웹플래너,서울 용산구,"연봉 26,000,000원 - 36,000,000원",https://kr.indeed.com/viewjob?jk=,"소기업을 대상으로 하는 프로그램을 개발을 하며, 자체 소프트웨어를 개발하는 업무입니다. 필요기술 : php, python, html, jsp, mySQL, c++, C#, TensorFlow 등 [근무시간 및 형태] 주 5일..."
Software Engineer - Machine Learning Pla...,PUBG,서울,,https://kr.indeed.com/viewjob?jk=,"GCP 등 클라우드 플랫폼에 대한 지식 및 사용 경험 - 최소 1가지 프로그래밍 언어를 능숙하게 사용: Python, Java, Scala, Go 등 - API 백엔드 설계 혹은 개발 혹은 운영해 본 경험 - Docker에..."
메이커스페이스 프로젝트 계약직원 (소프트웨어 개발),연세대학교,서울 신촌역,,https://kr.indeed.com/viewjob?jk=,해당) • Backend 개발 경험 3년 이상 또는 그에 준하는 역량을 보유하신 분 Java/ Python 중 1개 이상의 프로그래밍 언어에 익숙하신 분 웹/모바일 서비스의 일반적인 아키텍쳐 이해 및 RESTful...
[메가존] 오라클 클라우드 아키텍트,메가존,서울 강남구,,https://kr.indeed.com/viewjob?jk=,JAVA|인터넷·IT·통신·모바일·게임>응용프로그래머> Python|인터넷·IT·통신·모바일·게임>웹프로그래머>JAVA|인터넷·IT·통신·모바일·게임>웹프로그래머> Python|인터넷·IT·통신·모바일·게임>데이터베이스·DBA>NoSQL
"Java, Python 영상툴 개발자",에이아이메이커,서울 마곡동,,https://kr.indeed.com/viewjob?jk=,원하면 가능) 담당업무 - 영상 라벨링 Tool 개발 - Tool 정확성 개선 자격요건 - Java - Python 우대사항 - 관련 개발 경력 - 툴개발 경력 근무조건 - 월~금 AM9:30 ~ PM18:30 복지...
Android Software Engineer,하이퍼커넥트,서울,,https://kr.indeed.com/viewjob?jk=,"및 네트워크 지식 및 경험 Unit 테스트 작성과 mocking에 대한 경험이 많거나, 흥미가 많으신 분 Python 스크립트 작성 경험 코드 보안에 관심 많으신 분 내부 세미나 또는 블로깅 등의 방법으로 본인의 지식을 공유..."
[카카오페이지] 데이터 엔지니어 (시 마감),카카오페이지,성남 분당구,,https://kr.indeed.com/viewjob?jk=,"경험 - 숙련된 SQL 작성 능력 4. 우대 사항 - Apache Spark를 잘 다루시는 분 (Scala, Python) - Impala, Hive 기반 SQL에 익숙하신 분 - 데이터 시각화, 대시보드 구성을 주도적으로..."
iOS Developer,Bepro Company,서울,"연봉 40,000,000원 - 80,000,000원",https://kr.indeed.com/viewjob?jk=,참고 - React JS (Web) / Kotlin (Android) / Swift (iOS) - Python + Django - AWS lambda + API gateway - MySQL - Google Cloud...
iOS Developer,Bepro Company,서울,"연봉 40,000,000원 - 80,000,000원",https://kr.indeed.com/viewjob?jk=,참고 - React JS (Web) / Kotlin (Android) / Swift (iOS) - Python + Django - AWS lambda + API gateway - MySQL - Google Cloud...
[경력] 정보보안팀 리더 및 NITSO Delegate,삼정 KPMG,서울 강남구,,https://kr.indeed.com/viewjob?jk=,"ISO27001 인증심사 경험이 있으신 분 - 영어 Communication 능력을 보유하신 분 - 소스코드( Python, VBSCRIPT, ASP 중 1개 이상)에 대한 이해 및 코드리뷰와 관련한 역량을 보유하신 분 5..."
Database / Advanced Support Engineer,Oracle,서울,,https://kr.indeed.com/viewjob?jk=,MySQL / TimesTen - Docker / Container - Kubernetes - Python Detailed Description and Job Requirements... member...
광고팀 - 분석가,Nexon,성남 분당구,,https://kr.indeed.com/viewjob?jk=,및 커뮤니케이션 능력 - (필수) 새로운 기술 습득에 능동적이고 거부감이 없는 분 - (선택) R 혹은 Python을 이용한 데이터분석 능력 - (선택) SQL 기본 활용 능력 - (선택) 통계 및 분석에 대한 이론...
AR App Engineer,하이퍼커넥트,서울,,https://kr.indeed.com/viewjob?jk=,"지신 분 스스로 문제를 정의하고 해결책을 제시할 수 있는 분 Java, Objective C(Swift), Python 등 다양한 언어 경험 OpenCV 활용 (Image Processing 이해) 채용형태/근무시간 정규..."
[기술플랫폼실] 데이터 사이언티스트(Data Scientist) 분석가...,카카오페이,성남 분당구,,https://kr.indeed.com/viewjob?jk=,"능하신 분 - SQL 쿼리를 활용한 데이터 전처리/추출 가능하신 분 - Python, R 중 분석/모델 개발을 위한 숙달된 언어 보유하신 분 우대사항... 게임>빅데이터·AI(인공지능)> Python|인터넷·IT·통신·모바일·게임..."
RTL 및 ASIC 설계 엔지니어(딥러닝 하드웨어 프로세서 개발),딥엑스,성남 분당구,"연봉 40,000,000원 - 99,990,000원",https://kr.indeed.com/viewjob?jk=,"모델의 RTL IP 설계 및 IP 검증 가능자 - Language: Python/Perl, C/C++ [우대 조건] - ARM based SoC 설계... 게임>빅데이터·AI(인공지능)> Python|인터넷·IT·통신·모바일·게임..."
추천 시스템 소프트웨어 엔지니어,카카오,성남 판교역,,https://kr.indeed.com/viewjob?jk=,"관련 업무 경험자 우대사항 운영체제, 네트워크, 컴파일러, 데이터베이스에 대한 이해가 깊으신 분 Python, C++, GPU 프로그래밍 숙련자 대용량/실시간 서비스 개발/운영 경험이 많으신 분 ICPC/TopCoder..."
[공통기술부문] DBA,우아한 형제들,서울 송파구,,https://kr.indeed.com/viewjob?jk=,"AWS 관리 운영 역량 보유 - 리눅스 운영 경험 - 자동화 작업, 배치 개발역량 보유(shell, python, nodejs 등) - SQL Tuning 역량 보유 [우대사항] - NoSQL 운영 경험이 있는 분..."
파이썬SW 금융분야 특화 챗봇 개발 함께 할 엔지니어,파운트,서울 충정로역,,https://kr.indeed.com/viewjob?jk=,"처리 과정을 Python language로 구현 - Big data 처리를 위한 SW 개발 - Backend SW 구현, Messenger interface, DBMS I/F 구현 Requirement - Python..."
[경력] 지도 구축 솔루션 개발,현대엠엔소프트,서울 용산구,,https://kr.indeed.com/viewjob?jk=,모바일·게임>응용프로그래머>Linux|인터넷·IT·통신·모바일·게임>데이터베이스·DBA>SQL|인터넷·IT·통신·모바일·게임>빅데이터·AI(인공지능)> Python|인터넷·IT·통신·모바일·게임>통신·모바일>위성·GPS·GIS
Platform/BSP SW APPS Engineering - Engin...,Qualcomm CDMA Technologies (Korea) YH,서울,,https://kr.indeed.com/viewjob?jk=,"scripting languages is preferred (Shell/ Python) Responsibilities: -Keeps abreast... C, C++, Java, Python, etc. Preferred..."
2020년 7월 경력사원 [DBA(3차)],케이티하이텔,서울 동작구,,https://kr.indeed.com/viewjob?jk=,"UNIX/LINUX 기반의 OS/network 기본 지식 보유자 - 서버 운영스크립트(Shell/Perl/ Python) 작성 가능자 - 전산게열 전공자(우대) - 오픈소스기반 대용량 데이터분석, 데이터마이그레이션 (ETL..."
플랫폼 관제운영 (계약직: 6개월),PUBG,서울,,https://kr.indeed.com/viewjob?jk=,"Windows 또는 Linux 환경에서 서버 운영 및 모니터링을 수행해 보신 분 - 하나 이상의 스크립트 언어( Python, Shell script, Powershell 등) 사용경험이 있으신 분 [우대 사항] - 협업을..."
Back-end Software Engineer,Bear Robotics,서울,,https://kr.indeed.com/viewjob?jk=,"시스템 Back-end 시스템 개발 및 운영 로봇에서 수집되는 데이터 처리 및 프로세스 자동화 자격 조건 Python/Java 개발 경력 3년 이상 혹은 그에 준하는 실력을 갖추신 분 기본적인 개발능력 (알고리즘, 자료구조..."
QA 엔지니어,myrealtrip,서울,,https://kr.indeed.com/viewjob?jk=,"분 Jira 등의 BTS, Confluence, Git 등의 협업도구를 원활하게 사용하는 분 Java, Python 등의 개발 언어를 1가지 이상 다룰줄 아는 분 * 채용공통사항 [채용절차] 서류전형 1차 (기술 면접..."
[Mobile] 데이터 개발 (인프라),PUBG,서울,,https://kr.indeed.com/viewjob?jk=,"개발 경험 3년 이상 - Workflow 관리도구(Airflow, Luigi, Talend등) 경험 - Python/Scala 를 이용한 데이터 처리 능력 - AWS 클라우드 인프라 사용 경험(EC2, RDB, EMR 등..."
인프라 플랫폼 개발자,NHN godo,서울 구로구,,https://kr.indeed.com/viewjob?jk=,"운영 - NHN고도의 신규 서비스 개발 - 웹개발 경력 1년 이상 ~ 5년 이하 - PHP(주 개발언어), Python, Java 중 하나 이상 개발이 가능한 분 - Database 이해도가 높은 분 - 개발 프레임워크..."
[CX유닛] CXPO실 Business Analyst,야놀자,서울 강남구,,https://kr.indeed.com/viewjob?jk=,"ETL 경험 [우대사항] O2O 플랫폼 서비스에서의 데이터 분석 경험 Python, R등의 프로그래밍 언어와 라이브러리를 활용한 데이터 분석 경험... 게임>빅데이터·AI(인공지능)> Python|인터넷·IT·통신·모바일·게임..."
Cloud Solution Engineer (Migration & Int...,Oracle,서울,,https://kr.indeed.com/viewjob?jk=,"타 클라우드(AWS, Azure, GCP) Migration/Integration 경험 - Java, Python 등 개발언어 사용 능력 - 오픈소스 환경에서 개발 및 운영 경험 : Apache, Tomcat, MySQL 등..."
Technical Writer,Sendbird,서울,,https://kr.indeed.com/viewjob?jk=,"following languages; Objective-C, Java, Swift, JavaScript, and Python ABOUT SENDBIRD Sendbird... world's leading chat..."
[Search] [Vision] Computer Vision Engine...,네이버,서울,,https://kr.indeed.com/viewjob?jk=,"스템 엔지니어링 · 스마트렌즈 , 이미지 / 동영상 검색 , 비주얼 커머스 서비스 고도화에 기여 [자격요건] · Python, C++, Golang, Scala 등의 백엔드 개발 언어를 1 개 이상 자유롭게 활용 가능한 분..."
카카오톡 보이스톡/페이스톡/라이브톡 개발자,카카오,성남 판교역,,https://kr.indeed.com/viewjob?jk=,"우대 사항 ✓ Spring/Java 혹은 Spring/Kotlin 기반 서버 개발 경험 ✓ MySQL, Python, JavaScript, Node.js 경험 ✓ 모바일/웹 환경을 위한 API 시스템 개발 경험 ✓ k8s..."
[(주)케이엠에듀] AI(인공지능) 개발자 및 빅데이터 분석 플랫폼 개발...,케이엠에듀,서울 금천구,,https://kr.indeed.com/viewjob?jk=,"우대사항 - python,java 등의 프로그래밍 언어 사용능력 -oracle, mySQL, Hadoop, Mongo DB등 Database 관련 업무경험 인터넷·IT·통신·모바일·게임>빅데이터·AI(인공지능)>빅데이터|인터넷..."
"Senior Staff Engineer, FAE Samsung",ams,서울,,https://kr.indeed.com/viewjob?jk=,"programming languages including... limited to: C++, C and python carrier 15+ years of industry experience implementing..."
AI 연구/개발 직군 모집,넷마블,서울 구로구,,https://kr.indeed.com/viewjob?jk=,"ML 관련 분야 경력 6년 이상 - Cloud 서비스 활용 경험 - Python, C/C++, SQL 사용 가능 - Tensorflow 또는 상응하는... 웹 서비스 구축 등 자격요건 - Python 에 능숙하고 C/C++ 혹은..."
Data Analyst,Axiologic Solutions,서울,,https://kr.indeed.com/viewjob?jk=,"algorithms and data manipulation capabilities using R, Python, C++, JavaScript, Go, and other known programming languages..."
Junior Quant Trader,Byzantine Partners,서울,,https://kr.indeed.com/viewjob?jk=,background is a plus Programming capability is mandatory (i.e. Python) Understanding of machine learning algorithm is a plus...
"(송파구 문정동) 응용 프로그래머 (C++, C#, Python)",심네트,서울 용산구,,https://kr.indeed.com/viewjob?jk=,"(송파구 문정동) 응용 프로그래머 (C++, C#, Python) 모집부문 및 자격요건 모집분야 담당업무 우대사항 SW개발 ㆍ효과 산출도구 개발(공학모델) ㆍUI 기반 / MS Execl 자료 연동 ㆍC++, C# 개발 경험..."
[AI Lab] Machine Learning 데이터 사이언티스트,버즈니,서울,,https://kr.indeed.com/viewjob?jk=,"분석을 통한 구매/전환 예측 모델링 – 상품 클릭, 구매 전환, 설치 전환 예측 모델링 이런 분을 찾습니다 Python 사용 능력이 능숙하신 분 주도적으로 문제를 찾고 해결할 수 있는 분 Machine Learning 기반의..."
Data Center Technician,Amzn Corporate Services Korea,서울,,https://kr.indeed.com/viewjob?jk=,"vendors · Scripting skills - Bash, Python, Perl, etc. · Project coordination... 스크립팅 기술 - Bash, Python, Perl 등 보유자 · 프로젝트..."
Cross Border Ecommerce - Business Intell...,Shopee,서울,,https://kr.indeed.com/viewjob?jk=,business analyst related roles Proficient in SQL and Python Strong analytical skill and sensitivity to data Strong oral...
Data Scientist,레이니스트,서울,,https://kr.indeed.com/viewjob?jk=,"기반 예측, 모델링 프로젝트 경험자 데이터 분석/모델링을 위한 언어 및 프레임워크 사용에 익숙하신 분 ( Python, R, SQL, Pandas, TensorFlow, Pytorch, Spark 등) 회사 내부 구성원들과..."
Cloud Infrastructure Developer,SAP,서울,,https://kr.indeed.com/viewjob?jk=,Your tasks will include developing a python based scalable job execution platform... development with Python Understanding...
DATA ANALYST,"ODK Media, Inc.",서울,,https://kr.indeed.com/viewjob?jk=,"thinking, and embracing fun! Tech stack Python (for analytics) / R Google Bigquery... software (e.g., R, Python(for analytics..."
"빅데이터, IoT 활용 무료교육 연수생",한국산업기술협회,서울 금천구,,https://kr.indeed.com/viewjob?jk=,"스마트융합전문가 양성과정 - 스마트공장 현장제어 기본 - Java, Python 기본 프로그래밍 및 실습 - 데이터베이스 기본 - 파이썬 기반 센싱데... 게임>빅데이터·AI(인공지능)> Python|인터넷·IT·통신·모바일·게임..."
[Search] Global API 서빙 플랫폼 개발,네이버,서울,,https://kr.indeed.com/viewjob?jk=,관련하여 2 년 이상 실무 경험 해 보신 분 ( 대학원 기간 포 함 ) - 프로그래밍 언어 (C/C++/Go/ Python) 중 1 개 이상을 주 개발 언어로 사용하시는 분 - Linux 의 command line 시스템에...
Frontend Developer (Javascript/React),Bepro Company,서울,,https://kr.indeed.com/viewjob?jk=,참고 - React JS (Web) / Kotlin (Android) / Swift (iOS) - Python + Django - AWS lambda + API gateway - MySQL - Google Cloud...
데이터 분석가 (Business Intelligence Analyst),코스닥 상장 중견 게임기업,서울 강남구,"연봉 40,000,000원 - 70,000,000원",https://kr.indeed.com/viewjob?jk=,"데이터 분석 결과를 쉽게 이해할 수 있도록 간결하고 명확한 의사전달 능력 [우대조건] * R, Python, Spark 등의 언어에 대한 이해도 * 모바일 앱SDK 연동 지원 업무 경험(Facebook, Admob..."
2020년 창업역량강화 실전창업교육 무료,한국여성과학기술인지원센터,서울 강남구,,https://kr.indeed.com/viewjob?jk=,통신·모바일·게임>웹프로그래머> Python|인터넷·IT·통신·모바일·게임... 로그래머>인공지능(AI)|인터넷·IT·통신·모바일·게임>응용프로그래머> Python|인터넷·IT·통신·모바일·게임>응용프로그래머>증강현실(AR)|인터넷...
[인재풀] Central Development Services,Electronic Arts,서울,,https://kr.indeed.com/viewjob?jk=,"제안 및 구현할 수 있는 능력 - C++, C#, Java, Object C 등의 프로그래밍 언어 및 Python, Shell Scripts, Ruby 등 스크립팅 능력 - 테스트 자동화, CI 시스템 등의 개발 및 관리..."
Back-end Engineer (Python),Soomgo,서울 강남구,,https://kr.indeed.com/viewjob?jk=,래픽 처리를 위한 AWS 인프라 구축 • 5년 이상의 웹/앱 서비스 백엔드 시스템 개발 경험이 있는 분 • Python 언어를 활용한 개발 경험이 있는 분 • 성능 최적화에 대해 지속적으로 고민하고 노력하시는 분 • AWS...
Solutions Engineer,Confluent,서울,,https://kr.indeed.com/viewjob?jk=,Computer Science or relevant experience Proficiency in Java or Python with experience developing ETL applications What gives...
8퍼센트 경력 개발자,8퍼센트,서울 종로구,,https://kr.indeed.com/viewjob?jk=,"개발업무 - 금융 서비스 개발 - Python/Django 기반 - 정해진 역할이 아닌 기능에 따른 업무 분배 - 프로트엔드부터 백엔드까지 업무 범위... SQL 기본 - git flow - python, django 경험자 우대"
디지털 전략 전문가 양성과정 교육/참여자,휴넷,서울 구로구,,https://kr.indeed.com/viewjob?jk=,게임>빅데이터·AI(인공지능)> Python|인터넷·IT·통신·모바일·게임... 로그래머>머신러닝(ML)|인터넷·IT·통신·모바일·게임>응용프로그래머> Python|인터넷·IT·통신·모바일·게임>응용프로그래머>증강현실(AR)|인터넷...
Data Analyst Senior,하이퍼커넥트,서울,,https://kr.indeed.com/viewjob?jk=,understanding of statistics Proficiency in R (or equivalent Python libraries) and Microsoft Excel Preferred Qualifications...
Data Scientist,하이퍼커넥트,서울,,https://kr.indeed.com/viewjob?jk=,"가이드 자격요건 최소 2년 이상의 데이터 과학 및 분석 실무 경력 능숙한 SQL 구현 역량 및 실무 경험 Python 또는 R 분석 코드 구현 역량 및 실무 경험 머신러닝에 대한 기본 이해 우대사항 개인화, 최적화 등..."
"Sales Engineer, Sr II",Synopsys,서울,,https://kr.indeed.com/viewjob?jk=,"Objective-C, and scripting languages... JavaScript, Perl and Python, and CI/CD environment... Jenkins, GitHub, JIRA..."
Data Engineer,고도소프트,서울 구로구,,https://kr.indeed.com/viewjob?jk=,"MongoDB, CouchBase, Hadoop, Redis 등 운영 경험이 있는 분 - PHP, Python, JAVA, GO 중 1개 이상 사용한 개발이 가능한 분 우대사항 - Spark, ELK, R, MapReduce..."
2020 전문연구요원 공개 채용,넷마블,서울 구로구,,https://kr.indeed.com/viewjob?jk=,"제작 과정을 고도화하기 위한 인공지능 기술 연구 개발 자격요건 * 보충역/전직 대상자에 한해 지원 가능 - Python, Java, C++ 등 한 가지 이상의 프로그래밍 언어 프레임워크 능력 - 디자인 패턴 기반 설계 및..."
iOS Developer,Bepro Company,서울,"연봉 40,000,000원 - 80,000,000원",https://kr.indeed.com/viewjob?jk=,참고 - React JS (Web) / Kotlin (Android) / Swift (iOS) - Python + Django - AWS lambda + API gateway - MySQL - Google Cloud...
"금융 데이터 분석 엔진, 로보어드바이저 개발자",에스비씨엔,서울 영등포구,,https://kr.indeed.com/viewjob?jk=,"시스템, 머신러닝, 자연어처리. 패턴분석 - 다음 언어에서 최소 한 가지 이상 능숙자: Java, C++, Python, JavaScript 우대사항 - 석사이상 컴퓨터공학 (Computer Science) 분야 또는..."
[반도체IP 전문기업] Reference SW Engineer (Juni...,커리어라임즈,서울,,https://kr.indeed.com/viewjob?jk=,우대사항] • script 언어 사용 가능 : shell or python • Embedded Linux 환경 개발 경험 (BSP) • Multi... 사용 가능 : shell or python • Embedded Linux...
[유명생보사] 통계분석 모델링 담당자,㈜에프앤이그재제큐티브,서울,,https://kr.indeed.com/viewjob?jk=,"경력 2년 이상 - 마케팅 데이터 모델링 경험자 - SAS, R, Python 시각화툴 SQL 등 분석 소프트웨어 사용가능자 - 통계/수학/금융공학... 게임>빅데이터·AI(인공지능)> Python|인터넷·IT·통신·모바일·게임..."
[쿠키런: 오븐브레이크] 데이터과학자 (인턴),데브시스터즈,서울 강남구,,https://kr.indeed.com/viewjob?jk=,"임에만 국한되지 않으며 PC, 콘솔 등 다양한 플랫폼에서) Python Skill: Python을 활용한 데이터 처리에 능숙하신 분 SQL Skill... Numpy, Maplotlib 등 Python의 대표적인 데이터 가공 라이..."
Python 신입/경력 정규직,태그바이컴퍼니,서울 강남구,,https://kr.indeed.com/viewjob?jk=,태그바이컴퍼니(주) Python 신입/경력 정규직 채용 모집부문 및 자격요건 담당업무 자격요건 인원 [담당업무] • 인플루언서 마케팅 플랫폼 [태그바... 소될 수 있습니다. 인터넷·IT·통신·모바일·게임>웹프로그래머> Python
2020 KB데이타시스템 경력직 상시,KB데이타시스템,서울 마포구,,https://kr.indeed.com/viewjob?jk=,오픈소스를 이용한 개발경험 - Docker등 컨테이너 기술에 대한 이해 - TDD/DDD에 대한 이해 - Python. Nodeis등의 언어사용 경험 PaaS 개발 경력 0명 [지원자격] - Linux Redhat/Ubunt...
[피파온라인4] 소프트웨어 엔지니어,Electronic Arts,서울,,https://kr.indeed.com/viewjob?jk=,관련 논문 및 자료를 이해할 수 있는 영어 능력 keras... tensorflow 사용경험 python을 이용한 코딩 경험 [ 우대 사항 ] Machine Learning 관련 논문을 구현해본 경험 (졸업 작품...
[Search] [Vision] Computer Vision Engine...,네이버,서울,,https://kr.indeed.com/viewjob?jk=,"스템 엔지니어링 · 스마트렌즈 , 이미지 / 동영상 검색 , 비주얼 커머스 서비스 고도화에 기여 [자격요건] · Python, C++, Golang, Scala 등의 백엔드 개발 언어를 1 개 이상 자유롭게 활용 가능한 분..."
백엔드 개발자(데이터 엔지니어) - Junior,유저해빗,서울 마포구,"연봉 35,000,000원 - 45,000,000원",https://kr.indeed.com/viewjob?jk=,"Cloudera , Hortonworks 등 Hadoop Cluster 설치 및 운영 경험 - 언어 : Python, Go - 스타트업 경험 -즉시출근 가능 1 명 근무조건 고용형태: 정규직(수습기간3개월) 급여조건: 연봉..."
Junior Full-stack Developer,Asiance,서울,,https://kr.indeed.com/viewjob?jk=,"React 혹은 WordPress 등의 CMS도 사용. • Python, Node.js, Java, PHP for backend development. • Python, Node.js, Java, PHP 등을 사용하여 백엔드..."
AWS 데이터 센터 경력사원,아마존웹서비시즈코리아,서울,,https://kr.indeed.com/viewjob?jk=,"i.e. Bash, Python, PowerShell etc... node.js)/ iOS (Objective-C / Swift) / Python / Ruby / Go Customer service experience..."
Data Engineer,NHN godo,서울 구로구,,https://kr.indeed.com/viewjob?jk=,"MongoDB, CouchBase, Hadoop, Redis 등 운영 경험이 있는 분 - PHP, Python, JAVA, GO 중 1개 이상 사용한 개발이 가능한 분 - Spark, ELK, R, MapReduce 사용..."
Data & AI Technical Specialist,IBM,서울,,https://kr.indeed.com/viewjob?jk=,"Data Science space: SPSS, Decision Optimization, SAS, R and Python programming, etc. Knowledge... Open Source space..."
AI/ 음성인식/ 차량보안/ 빅데이터/ IoT 등 R&D 부문 경력,현대오토에버,서울 강남구,,https://kr.indeed.com/viewjob?jk=,"지식 Python,Scala 언어에 대한기본 지식 인증기술 인증기술 어플리케이션 개발 - 프로그래밍 언어 선택 1개 (Java/ Python/C++ 등... 게임>빅데이터·AI(인공지능)> Python|인터넷·IT·통신·모바일·게임..."
Senior Specialist Consultant - AI/ML,Amazon Web Services Korea LLC,서울,,https://kr.indeed.com/viewjob?jk=,"experience in software development in languages like Java, Python, Scala. Experience working with RESTful API and general..."
(주)신세계아이앤씨 경력사원 상시,신세계아이앤씨,서울 중구,,https://kr.indeed.com/viewjob?jk=,리에 능숙한 자 -.데이터 I/F개발 및 운영경험자 기술요소 -.R 및 Python 기반 시스템 개발 및 운영 경험자 -.B2C 시스템 개발 및 운영... 통신·모바일·게임>웹프로그래머> Python|인터넷·IT·통신·모바일·게임...
Data Scientist,Toss,서울 강남구,,https://kr.indeed.com/viewjob?jk=,"실무 경험 5년 이상 갖추신 분 - 실제 서비스 데이터를 이용한 분석모델 개발 경험이 있으신 분 - R, Python, Scala, SQL 등 데이터 분석의 업무를 수행할 수 있는 하나 이상의 개발 언어에 능숙하신 분 #..."
NAVER IDC 서버 운영/관리(가산),NIT Service,서울 가산동,,https://kr.indeed.com/viewjob?jk=,"사항] - Web, WAS에 대한 지식과 System application 운영 경험 - Shell script, python 활용 가능 - 해외 데이터센터 인프라 구축 또는 운영 경험 [고용형태] - 정규직 [근무지역..."
Data Analyst,Toss,서울 강남구,,https://kr.indeed.com/viewjob?jk=,"소지하신 분 혹은 경험이 풍부하신 분 - Data Warehouse 구축 지식이나 경험이 있으신 분 - Python, R, Spark 등 언어 및 데이터 프로세싱 프레임워크에 대한 이해도가 높은 분 - 필요한 데이터를 스스로..."
Software Developer - Front-End / Back-En...,AITRICS,서울,,https://kr.indeed.com/viewjob?jk=,"purpose programming languages including C++, Java, Javascript, Python. Eager to learn a new programming language and machine..."
2020년 하반기 (AI/딥러닝 알고리즘 설계/개발),씨젠,서울 송파구,,https://kr.indeed.com/viewjob?jk=,"설계 및 구현 경험 • R, Python 등 프로그래밍 언어 사용 능숙... 인공지능)> Python|인터넷·IT·통신·모바일·게임>응용프로그래머>인공지능(AI)|인터넷·IT·통신·모바일·게임>응용프로그래머> Python|인터넷..."
"Software Engineer, Data Platform",Sendbird,서울,,https://kr.indeed.com/viewjob?jk=,"services and tools in Python, Java, Scala... several programming languages... Python, Java, or Scala Strong analytic skills..."
2020년 하반기 (Data Scientist),씨젠,서울 송파구,,https://kr.indeed.com/viewjob?jk=,게임>빅데이터·AI(인공지능)> Python|인터넷·IT·통신·모바일·게임... 게임>응용프로그래머>인공지능(AI)|인터넷·IT·통신·모바일·게임>응용프로그래머> Python|인터넷·IT·통신·모바일·게임>웹프로그래머> Python
computer science,(주)행림종합건축사사무소,서울 송파구,,https://kr.indeed.com/viewjob?jk=,"Experience with one... following programming languages: Java, Python, Ruby, Node.js, C#, or C++ Preferred Qualifications..."
Data Analyst (5년이상),Success Korea,서울,,https://kr.indeed.com/viewjob?jk=,"분석을 통한 인사이트 발굴 경험 - 데이터를 기반으로 현업부서와의 원할한 커뮤니케이션 능력 우대사항 : - Python, R, 하둡, Spark 등 활용 가능자 - 통계 관련 또는 컴퓨터공학 관련 전공자 - Google..."
Quantitative Researcher,Success Korea,서울 종로구,,https://kr.indeed.com/viewjob?jk=,상의 학위를 취득하신 분이 유리함) - 코딩 가능하신 분(C++ or Python) - 영어에 능숙하신 분(모든 인터뷰 과정은 영어로 진행) - 경력... 코딩 가능하신 분(C++ or Python) - 영어에 능숙하신 분(모든...
Frontend Developer (Javascript/React),Bepro Company,서울,,https://kr.indeed.com/viewjob?jk=,참고 - React JS (Web) / Kotlin (Android) / Swift (iOS) - Python + Django - AWS lambda + API gateway - MySQL - Google Cloud...
[NAVERxLINE] Global Ad Data Engineer/Dat...,네이버,서울,,https://kr.indeed.com/viewjob?jk=,"광고 퍼포먼스에 대한 Reliablity Engineering [자격요건 ] - Java, Scala, Python 등의 언어를 활용한 소프트웨어 개발 역량 - 리눅스 환경에서의 시스템 개발 및 운영 경험 - 분산 환경에서의..."
데이터분석,Success Korea,서울,,https://kr.indeed.com/viewjob?jk=,6년 이상 - SAS， R， Python， SQL 중 두 개 이상의 분석... 력서 자격요건 - 데이터 분석 경력 6년 이상 - SAS， R， Python， SQL 중 두 개 이상의 분석 도구에 대한 높은 이해 - 통계 분석...
빌링서버 개발자,Success Korea,서울,,https://kr.indeed.com/viewjob?jk=,커뮤니케이션이 가능하신 분 [우대사항] - Linux 기반에서 Python(Django)또는 PHP로 백엔드 시스템 개발 경험 - AWS/GCP... 사항] - Linux 기반에서 Python(Django)또는 PHP로 백엔...
포털 신규 검색기술 파일럿 개발(사원-차장),Success Korea,서울,,https://kr.indeed.com/viewjob?jk=,"결정 [자격요건] - JAVA, Python, R, JavaScript... 합격자에 한해 고객사 입사 지원서 오픈됨 자격요건 - JAVA, Python, R, JavaScript 등 최소 1개의 언어 이상 개발이 가능한..."
데이터 사이언스,Success Korea,서울 강남구,,https://kr.indeed.com/viewjob?jk=,"이상 활용 능력 - Python, R 외 기타 1개 이상의 데이터 분석 및 모델링 관련 컴퓨터 랭귀지에 대한 중급 이상 실력 - 데이터 프로세싱을 위한 컴퓨터 랭귀지의 1개 이상 초급 이상 실력 ( Python, Shell..."
Data Analyst (3년 이상),Success Korea,서울,,https://kr.indeed.com/viewjob?jk=,"를 통해 온/오프라인상에서 새로운 고객경험을 실험하고, 확산하는 것에 관심과 열정이 있으신 분 - SQL, Python, R 등 프로그래밍 언어 또는 데이터 분석 언어 1개 이상에 능숙하신 분 - Data Mining 및..."
[ASAP] 머신러닝 엔지니어 (10년차 이상 혹은 전후),Success Korea,서울,,https://kr.indeed.com/viewjob?jk=,"평가 및 개발, 적용 필수사항 : - PyTorch, Tensorflow 중 1개 이상 사용 가능 - Python 중급 이상 - Apache Spark 사용 가능 - 딥러닝 포함 머신러닝 관련 지식 보유 - 머신러닝 프로젝..."
TA,제이씨이,성남 분당구,,https://kr.indeed.com/viewjob?jk=,작성 능력 우대사항 - 업무 관련 해외 영문 기술 문서를 볼 수 있는 정도의 독해능력 - 테크니컬 아티스트 역할로 개발 경험 - 스크립트 능력 (maxscript/ python) - 다양한 플랫폼 / 장르 개발 경험
Data Engineer(머신러닝),Success Korea,서울,,https://kr.indeed.com/viewjob?jk=,"작업 필수사항 : - SQL, Spark를 이용한 데이터 처리 - Cloud를 이용한 서비스 개발 경험 - Python 또는 Scala 능숙자 - Hadoop echo system에 대한 이해 - 머신러닝 관련 업무 희망자..."
Junior and/or Senior S/W Engineers for C...,Success Korea,서울,,https://kr.indeed.com/viewjob?jk=,5 years of work experience in C and Python programming ?Minimum of 3 years of work... experience in C and Python programming...
DW&BI팀 Data Engineer,Success Korea,서울,,https://kr.indeed.com/viewjob?jk=,"Ecosystem)에 대한 이해 - AWS & GCP경험 우대 - Java, Python 등 프로그래밍 능력 우대 - 컴퓨터 공학, 경영정보 및 그와... GCP경험 우대 - Java, Python 등 프로그래밍 능력 우대..."
저축은행 앱마케팅팀 데이터분석,국내자본 저축은행,서울 구로구,,https://kr.indeed.com/viewjob?jk=,"실무 적용 - BI Tool 기반 KPI 자동화 및 데이터 시각화 [자격요건] - SQL 사용 가능 - Python or R 사용 가능 - 태블로 사용 우대 - 금융사 경력 우대 - 긍정, 열정, 탐구적인 자세 [전형절차..."
머신러닝 엔지니어 (Machine Learning Engineer),Success Korea,서울,,https://kr.indeed.com/viewjob?jk=,"평가 및 개발, 적용 필수사항 : - PyTorch, Tensorflow 중 1개 이상 사용 가능 - Python 중급 이상 - Apache Spark 사용 가능 - 딥러닝 포함 머신러닝 관련 지식 보유 - 머신러..."
저축은행 디지털마케팅본부 데이터분석 경력자,국내자본 저축은행,서울 구로구,,https://kr.indeed.com/viewjob?jk=,"고객 분석, 마케팅 분석 - 마케팅 기획 및 실행조직과 협업 경험, 마케팅 데이터 모델링 개발능력 - R, Python, Tableau, SAS, Orange, SQL 등 데이터 분석의 업무를 수행 할 수 있는 개발 언어에..."
소프트웨어 개발 PM,SW개발전문회사,서울 목동,,https://kr.indeed.com/viewjob?jk=,"대졸 이상 - 웹 개발 경력 등 10년 이상 - 클라우드 서비스와 연계된 서비스를 개발 경험자 - Go, Python, JS(Angular/React) 등을 이용한 웹 애플리케이션 개발 경험자 우대 [전형절차] 서류, 면접..."
머신러닝기반 데이터분석[1차],Success Korea,서울 선릉역,,https://kr.indeed.com/viewjob?jk=,"대졸 이상 - 통계학, 수학, 산업공학, 컴퓨터공학 전공 - R 또는 Python 사용경험 보유 [우대사항] - 석사/박사 학위 소지자 - 머신러닝... 공학, 컴퓨터공학 전공 - R 또는 Python 사용경험 보유 [우대사항..."
Data Scientist (고객데이터 분석),Success Korea,서울,,https://kr.indeed.com/viewjob?jk=,"사이언스 직무 경력 3년 이상 필수조건 : - 데이터 분석 및 모델링을 위한 분석 Tool 활용 능력 ( Python, R 등) - 대용량 데이터의 효율적 사용을 위한 빅데이터 분석 플랫폼 경험자 (Hadoop, Hive..."
서버 개발자,유명메신저회사,서울 강남구,,https://kr.indeed.com/viewjob?jk=,"서비스를 만들기 위해 노력하시는 분 [ 우대사항 ] - 확장성 있는 서버 아키텍처에 대한 이해 - Java, Python, Scala 를 이용한 개발 경험 - 오픈소스 활동 경험 - 채팅, RPC, WebRTC에 대한 경험..."
클라우드 개발자(Monitoring as a Service) (경력),카카오,성남 판교역,,https://kr.indeed.com/viewjob?jk=,"요구사항이 정해진 시스템에 대해 전반적인 설계 & 협업을 통한 개발이 가능하신 분 java, golang, python 중 한 가지 언어를 능숙하게 사용할 수 있으신 분 업무 내용에 정리된 Opensource 중 2가지 이상..."
Data Scientist,해외송금 전문업체,서울 강남구,,https://kr.indeed.com/viewjob?jk=,"유지보수 - 데이터 시각화 [ 자격요건 ] - 경력 2~4년차 - SQL 사용이 능숙하신 분(필수) - R, Python 등을 이용한 분석 경험 [ 우대사항 ] - 빅데이터 및 금융데이터 분석 및 예측 - 통계학 전공자..."
머신러닝기반 데이터분석[2차],Success Korea,서울 선릉역,,https://kr.indeed.com/viewjob?jk=,"대졸 이상 - 통계학, 수학, 산업공학, 컴퓨터공학 전공 - R 또는 Python 사용경험 보유 [우대사항] - 석사/박사 학위 소지자 - 머신러닝... 공학, 컴퓨터공학 전공 - R 또는 Python 사용경험 보유 [우대사항..."
백엔드 개발자(리드),Success Korea,서울 역삼역,,https://kr.indeed.com/viewjob?jk=,"업무내용/자격요건 담당직무 Backend 개발 (node.js, python) 서비스 백엔드 시스템 개발 및 고객 및 광고 데이터를 처리합니다... TypeScript, Python ? Node.js, Express..."
전자상거래 플랫폼 인프라 설계/구축/운영,Success Korea,서울,,https://kr.indeed.com/viewjob?jk=,5년 이상 - bash / Python Script 활용 능력 - 대용량... 국문이력서 자격요건 - 관련 직무 경력 5년 이상 - bash / Python Script 활용 능력 - 대용량 서비스 트래픽 운영 경험 - 오픈...
Operations Associate (운영팀원) - 한국,Beam,서울,,https://kr.indeed.com/viewjob?jk=,"business content • Proficiency in SQL, Python, R, GIS is advantageous 자격요건 • 학사학위... 완전한 문서 번역 가능 • SQL, Python, R, GIS 숙련자 우대..."
카카오 분석 플랫폼 경력 개발자,카카오,성남 판교역,,https://kr.indeed.com/viewjob?jk=,"플랫폼을 구축 지원자격 대용량 데이터에 대한 실시간/배치 서비스 개발 운영 경험이 있으신 분 python, scala, druid, hadoop 등 다양한 환경에 적응 가능한 분 어떤 일이라도 중요하게 여기며 책임감..."
디지털LAB 신기술파트,국내자본 저축은행,서울 구로구,,https://kr.indeed.com/viewjob?jk=,"[담당업무] 쳇봇, STT/TA/TTS, AI 일반 [자격요건] 4년제 정규 대졸 이상 Java, Python 프로그램 사용 가능 머신러닝(Tensorflow, DL4, Caffe,Theano) 프레임워크 기반 개발 능력 보유..."
빅데이터 개발(3년이상 경력),에이치알 코리아,서울,,https://kr.indeed.com/viewjob?jk=,"자격 - JAVA/ Python/Scala 등 활용한 데이터분석/설계/개발 역량 - DB 설계/개발 역량 - 빅데이터(Hadoop Eco) 기반 DW/DM Architecture 수립 경험 보유자 - Python, Hadoop..."
데이터분석가,Success Korea,서울,,https://kr.indeed.com/viewjob?jk=,"데이터를 기반으로 현업 부서와 원활한 커뮤니케이션 능력 보유 - SQL 활용 능통자 우대사항 : - Python, R, 하둡, Spark 등 활용 가능자 - 통계 관련 또는 컴퓨터공학 관련 전공자 - Google..."
시스템 엔지니어,Success Korea,서울 쌍림동,,https://kr.indeed.com/viewjob?jk=,경력: 2년 이상 - 직급/직책 : 주임-과장 [우대사항] - Python등 스크립트 언어 사용 가능 - 가상화 관련 지식 보유 - 프로젝트 관리... 주임-과장 [우대사항] - Python등 스크립트 언어 사용 가능...
플랫폼 Back-end 개발 (5년이상),Success Korea,서울,,https://kr.indeed.com/viewjob?jk=,"end 개발 업무 5년 이상 필수조건 - 대용량 시스템 설계 및 개발 경력 - Java, Spring, Python 기반 Web Application 개발 및 운영 경력 - MongoDB, ElasticSearch 등..."
[IT R&D] 머신러닝 개발 부문 (주임~과장),Success Korea,서울 을지로동,,https://kr.indeed.com/viewjob?jk=,"러닝/딥러닝 소프트웨어에 대한 지식 * Java, C/C++, Python, LISP 등 프로그래밍 언어 전문 지식 및 개발 능력 보유 (머신... 지식 * Java, C/C++, Python, LISP 등 프로그래밍..."
경영기획심사,Success Korea,서울,,https://kr.indeed.com/viewjob?jk=,"자격요건] - 관련 직무 경력 3년 이상 - 데이터 처리 언어 (R, Python, Scala) 사용 경험 - 통계 기본 지식 및 모델링에 대한 이해... 데이터 처리 언어 (R, Python, Scala) 사용 경험 - 통계..."
빅데이터 플랫폼 운영 및 분석구현,Success Korea,서울,,https://kr.indeed.com/viewjob?jk=,"데이터 분석, 또는 데이터 엔지니어링 경력 5년 이상 - JAVA, Python, SQL 중 두 개 이상의 개발 언어에 대한 높은 이해 [전형절차... 경력 5년 이상 - JAVA, Python, SQL 중 두 개 이상의 개발..."
"Sr. Solutions Architect, Storage",Amazon Web Services Korea LLC,서울,,https://kr.indeed.com/viewjob?jk=,"speaking engagements Scripting experience (Powershell, Python, bash, etc.) Bachelors or equivalent work experience..."
IT 데이터 분석 전문가,Success Korea,서울,,https://kr.indeed.com/viewjob?jk=,"광고 Targeting 알고리즘 설계 경험자 우대 - JAVA, Python, Hadoop, hive, pig, R 등 관련 지식/경험 보유자 우대... 경험자 우대 - JAVA, Python, Hadoop, hive, pig..."
Web 개발,Success Korea,서울 중구,,https://kr.indeed.com/viewjob?jk=,"험자 - 가상화, Docker 기술 경험자 - 네트워크 지식 보유자 - Python 개발 경험자 - 인공지능 딥러닝, 빅데이터 관심있는 자 - GIS... 네트워크 지식 보유자 - Python 개발 경험자 - 인공지능 딥러닝..."
ICT 서비스본부 디지털LAB,국내자본 저축은행,서울 구로구,,https://kr.indeed.com/viewjob?jk=,"패키지 구사 능력 - R, SAS, SPSS, S-PLUS 등 통계분석 솔루션 경험(필수) - R, Python, 시각화 툴(Sporfire, Tableau 등) 능숙자 우대 (2) 지식 및 경험 - 통계분석/Maching..."
Data Mining 개발(3년이상 경력),에이치알 코리아,서울,,https://kr.indeed.com/viewjob?jk=,"루션 지원자격 - 데이터 분석 역량 - 정형/비정형 데이터 마이닝 개발 역량 - 자연어 처리/ 검색엔진 개발 역량 보유자 우대 - 영상 마이닝 개발 경험 보유 우대 - Python, Hadoop, Spark 개발경험자 우대"
Text 분석,Success Korea,서울,,https://kr.indeed.com/viewjob?jk=,경력 9년 이상 - R， Python 등을 활용한 Text Crawling... 력서 자격요건 - 관련 분야 경력 9년 이상 - R， Python 등을 활용한 Text Crawling， Parsing， Visualization...
협업도구 및 코드관리도구 운영담당자 (경력),카카오,성남 판교역,,https://kr.indeed.com/viewjob?jk=,"언어에 익숙하신 분 #선호 자격 docker, k8s 대한 이해와 활용 경험이 있으신 분 kotlin, python, Javascript(node.js) 중 하나 이상의 언어에 익숙하신 분 ※ 카카오 기술 직군의 경우..."
그로스해킹/데이터분석 (5년이상),Success Korea,서울,,https://kr.indeed.com/viewjob?jk=,"데이터 분석과 마케팅자동화, 시각화, A/B Test 등 데이터 관련 Tool 활용 경험 (SQL, Python, R / Google Analytics, Appsflyer / Tableau, Kibana 등) - 대용량 데이..."
테크니컬 아키텍트,Success Korea,서울,,https://kr.indeed.com/viewjob?jk=,등 Configuration Management 경험 - Bash/ Python 등 서버 운영에 필요한 Script 중급 이상자 * 우대 사항... Management 경험 - Bash/ Python 등 서버 운영에 필요한...
Data Scientist,Success Korea,서울 역삼동,,https://kr.indeed.com/viewjob?jk=,"Package 경험 ( Python or R) : GBM, Logistic... 그래밍 언어 : SQL and Relational Database(필수), Python or R (둘 중 하나 필수) - Data 관련 프로세스 경험..."
[신규사업실]시니어 Back-end 개발,Success Korea,서울,,https://kr.indeed.com/viewjob?jk=,"API 설계/개발 경험 및 ORM 에 대한 이해/활용 경험 7. Python/Django, Node.js 또는 JVM언어/ORM 기반의 API... 에 대한 이해/활용 경험 7. Python/Django, Node.js..."
데이터 분석,Success Korea,서울 강남구,,https://kr.indeed.com/viewjob?jk=,"이상 활용 능력 - Python, R 외 기타 1개 이상의 데이터 분석 및 모델링 관련 컴퓨터 랭귀지에 대한 중급 이상 실력 - 데이터 프로세싱을 위한 컴퓨터 랭귀지의 1개 이상 초급 이상 실력 ( Python, Shell..."
플랫폼 백엔드 개발,Success Korea,서울,,https://kr.indeed.com/viewjob?jk=,"대용량 시스템 설계 및 개발 경력 - Java, Spring, Python 기반 Web Application 개발 및 운영 경력 - MongoDB... Java, Spring, Python 기반 Web Application..."
서버 개발(사원~과장급),Success Korea,서울 가산디지털단지역,,https://kr.indeed.com/viewjob?jk=,"회사소개 http... newemotion.co.kr 업무내용/자격요건 자격요건 - PHP, Python, Javascript - Mysql - OAuth - Amazon SQS - 대학교 수준의 알고리듬 / DB..."
데이터 분석가 (Business Intelligence Analyst),코스닥 상장 중견 게임기업,서울 강남구,"연봉 40,000,000원 - 70,000,000원",https://kr.indeed.com/viewjob?jk=,"데이터 분석 결과를 쉽게 이해할 수 있도록 간결하고 명확한 의사전달 능력 [우대조건] * R, Python, Spark 등의 언어에 대한 이해도 * 모바일 앱SDK 연동 지원 업무 경험(Facebook, Admob..."
고객데이터 분석,Success Korea,서울,,https://kr.indeed.com/viewjob?jk=,"Hive, Hadoop) 경험 - 데이터 기반으로 현업부서와의 원할한 커뮤니케이션 능력 우대사항 : - Python, R, 하둡, Spark 등 활용 가능자 - 통계 관련 또는 컴퓨터공학 관련 전공자 - Google..."
iOS Developer,Bepro Company,서울,"연봉 40,000,000원 - 80,000,000원",https://kr.indeed.com/viewjob?jk=,참고 - React JS (Web) / Kotlin (Android) / Swift (iOS) - Python + Django - AWS lambda + API gateway - MySQL - Google Cloud...
저축은행 디지털뱅킹팀 데이터분석 경력,국내자본 저축은행,서울 구로구,,https://kr.indeed.com/viewjob?jk=,"고객 분석, 마케팅 분석 - 마케팅 기획 및 실행조직과 협업 경험, 마케팅 데이터 모델링 개발능력 - R, Python, Tableau, SAS, Orange, SQL 등 데이터 분석의 업무를 수행 할 수 있는 개발 언어에..."
